insert into vendedor (correo, nombre, telefono, contrasenia) values ('emickelwright0@yelp.com', 'Elissa', '5688624813', '8DrheK8tA');
insert into vendedor (correo, nombre, telefono, contrasenia) values ('lchicchetto1@npr.org', 'Laural', '9863488025', '29pe7I9Iy7AP');
insert into vendedor (correo, nombre, telefono, contrasenia) values ('wwallage2@acquirethisname.com', 'Winfred', '2124960493', 'L2eItUe7');
insert into vendedor (correo, nombre, telefono, contrasenia) values ('aellsworthe3@cnbc.com', 'Artus', '6393477009', '7zQionA');
insert into vendedor (correo, nombre, telefono, contrasenia) values ('lfalvey4@linkedin.com', 'Leoine', '5397580295', 'WY0cbN');
insert into vendedor (correo, nombre, telefono, contrasenia) values ('sbeslier5@apache.org', 'Shana', '2787422294', 'gjP4F5bV9');
insert into vendedor (correo, nombre, telefono, contrasenia) values ('deustis6@soundcloud.com', 'Dniren', '3838651124', 'FYxKP5gvCA5');
insert into vendedor (correo, nombre, telefono, contrasenia) values ('hkeedy7@gmpg.org', 'Hillery', '9085925356', 'tpiJaZkVGBb');
insert into vendedor (correo, nombre, telefono, contrasenia) values ('phughes8@studiopress.com', 'Prudence', '7602929851', '5i69Fq');
insert into vendedor (correo, nombre, telefono, contrasenia) values ('usearl9@fastcompany.com', 'Ulrich', '1017765951', 'tdy9GsS');
insert into vendedor (correo, nombre, telefono, contrasenia) values ('lcrooma@comcast.net', 'Leontyne', '3567628314', 'CMRdc1YUxD');
insert into vendedor (correo, nombre, telefono, contrasenia) values ('taggottb@51.la', 'Tuesday', '1962783549', 'FIeUCd');
insert into vendedor (correo, nombre, telefono, contrasenia) values ('vmontrosec@bloglines.com', 'Valaria', '8018906984', 'B3nPpXSF7Tu');
insert into vendedor (correo, nombre, telefono, contrasenia) values ('sgoldsmithd@umich.edu', 'Siobhan', '2412446697', 'sHBQVoSQ1qW');
insert into vendedor (correo, nombre, telefono, contrasenia) values ('ecumminge@fotki.com', 'Eldon', '4006773270', 'Eav4yQzCTbpu');
insert into vendedor (correo, nombre, telefono, contrasenia) values ('mdarleyf@addthis.com', 'Maxi', '4917695764', 'VVYxNDB');
insert into vendedor (correo, nombre, telefono, contrasenia) values ('dputlandg@nbcnews.com', 'Doug', '9476002391', 'ITThHUwPqWpu');
insert into vendedor (correo, nombre, telefono, contrasenia) values ('theadleyh@chron.com', 'Tessi', '5752846423', 'w70dpd7aJt3e');
insert into vendedor (correo, nombre, telefono, contrasenia) values ('hkubiceki@zdnet.com', 'Harold', '1245655367', 'Ow92akKpoGP');
insert into vendedor (correo, nombre, telefono, contrasenia) values ('sfaulconbridgej@hud.gov', 'Sybila', '2101979670', 'qt8qX7uAe');
insert into vendedor (correo, nombre, telefono, contrasenia) values ('cbompask@seesaa.net', 'Cinderella', '7414955177', 'YtMtSbTHMv');
insert into vendedor (correo, nombre, telefono, contrasenia) values ('ppryerl@aboutads.info', 'Phil', '7463291014', 'PAowNs0M0c');
insert into vendedor (correo, nombre, telefono, contrasenia) values ('sklimpm@merriam-webster.com', 'Sayres', '9435956254', 'JU0eTo');
insert into vendedor (correo, nombre, telefono, contrasenia) values ('caistropn@nydailynews.com', 'Cheryl', '4844078145', 'oTGKmPp05');
insert into vendedor (correo, nombre, telefono, contrasenia) values ('btrawino@statcounter.com', 'Bail', '1694836080', 't0ZXhdXG');
insert into vendedor (correo, nombre, telefono, contrasenia) values ('vmanilop@nhs.uk', 'Vinnie', '6383147342', 'beYoNAn');
insert into vendedor (correo, nombre, telefono, contrasenia) values ('bbrasonq@mit.edu', 'Bentley', '8256858818', '82wnncro9d');
insert into vendedor (correo, nombre, telefono, contrasenia) values ('rgossr@twitter.com', 'Roxy', '6254862531', 'JUyxlwkR35D');
insert into vendedor (correo, nombre, telefono, contrasenia) values ('gduchants@theatlantic.com', 'Gaylord', '5066723118', 'q262XeTl');
insert into vendedor (correo, nombre, telefono, contrasenia) values ('doswaldt@hc360.com', 'Deeyn', '5795996860', 'tALH5um');
insert into vendedor (correo, nombre, telefono, contrasenia) values ('rtysacku@cyberchimps.com', 'Ronnie', '6784097149', 'IiE7bsNil');
insert into vendedor (correo, nombre, telefono, contrasenia) values ('ntrowlv@themeforest.net', 'Natalya', '3963435460', 'dyNDf2cwLU');
insert into vendedor (correo, nombre, telefono, contrasenia) values ('rmartinsonw@icq.com', 'Rudy', '7957396627', '5Pu8yVjCPH');
insert into vendedor (correo, nombre, telefono, contrasenia) values ('fduguex@feedburner.com', 'Fawnia', '2595351882', '9yAS4bWD');
insert into vendedor (correo, nombre, telefono, contrasenia) values ('bringrosey@sphinn.com', 'Bondie', '4004553277', 'NKWmp9feL');
insert into vendedor (correo, nombre, telefono, contrasenia) values ('wbabbz@wordpress.org', 'Wald', '6225976749', 'Tft7NM3L');
insert into vendedor (correo, nombre, telefono, contrasenia) values ('miglesia10@apache.org', 'Moselle', '4636066552', 'CO7NMrEwGjh6');
insert into vendedor (correo, nombre, telefono, contrasenia) values ('cpetrakov11@1und1.de', 'Curran', '1105613880', '1KKWIvN0');
insert into vendedor (correo, nombre, telefono, contrasenia) values ('mblincowe12@nasa.gov', 'Mabelle', '7024821900', '13EXBz3');
insert into vendedor (correo, nombre, telefono, contrasenia) values ('lbirmingham13@craigslist.org', 'Lise', '3207638724', 'fXRq1oz25');
insert into vendedor (correo, nombre, telefono, contrasenia) values ('aleglise14@people.com.cn', 'Alejandrina', '6411425371', 'GHZF3Evt4f');
insert into vendedor (correo, nombre, telefono, contrasenia) values ('mjanjusevic15@cloudflare.com', 'Malinda', '7433745278', 'Hx2wWrjj');
insert into vendedor (correo, nombre, telefono, contrasenia) values ('rbarge16@1und1.de', 'Rosemarie', '2142376628', 'gpcxFihgrZV');
insert into vendedor (correo, nombre, telefono, contrasenia) values ('ahoffner17@mayoclinic.com', 'Ardath', '6874056452', 'ks1dLy');
insert into vendedor (correo, nombre, telefono, contrasenia) values ('focaine18@privacy.gov.au', 'Ferguson', '2891063921', 'Wv5o71VBSHs');
insert into vendedor (correo, nombre, telefono, contrasenia) values ('pricciardelli19@imdb.com', 'Prudy', '3364349186', 'BNpANs3tLth');
insert into vendedor (correo, nombre, telefono, contrasenia) values ('bjuorio1a@bloomberg.com', 'Brody', '4756016800', 'AKRVF3eQloh');
insert into vendedor (correo, nombre, telefono, contrasenia) values ('ysutcliff1b@theguardian.com', 'Yolane', '4971325108', 'UNuDCgit');
insert into vendedor (correo, nombre, telefono, contrasenia) values ('cstollsteimer1c@instagram.com', 'Calla', '5764344413', 'NVOLdZEgr82');
insert into vendedor (correo, nombre, telefono, contrasenia) values ('ehemerijk1d@unc.edu', 'Eldredge', '1245716433', 'Sta1N6yu6akg');
insert into producto (idProducto, correo, precio, nombre, descripcion, vendidos, disponibles) values ( 1,'ntrowlv@themeforest.net', 4084, 'Beer - Labatt Blue', 'Donec diam neque, vestibulum eget, vulputate ut, ultrices vel, augue. Vestibulum ante ipsum primis in faucibus orci luctus et ultrices posuere cubilia Curae; Donec pharetra, magna vestibulum aliquet ultrices, erat tortor sollicitudin mi, sit amet lobortis sapien sapien non mi. Integer ac neque.

Duis bibendum. Morbi non quam nec dui luctus rutrum. Nulla tellus.', 0, 1);
insert into producto (idProducto, correo, precio, nombre, descripcion, vendidos, disponibles) values ( 2,'gduchants@theatlantic.com', 4189, 'Quail - Eggs, Fresh', 'Aenean lectus. Pellentesque eget nunc. Donec quis orci eget orci vehicula condimentum.', 0, 2);
insert into producto (idProducto, correo, precio, nombre, descripcion, vendidos, disponibles) values ( 3,'dputlandg@nbcnews.com', 788, 'Chilli Paste, Ginger Garlic', 'Praesent blandit. Nam nulla. Integer pede justo, lacinia eget, tincidunt eget, tempus vel, pede.

Morbi porttitor lorem id ligula. Suspendisse ornare consequat lectus. In est risus, auctor sed, tristique in, tempus sit amet, sem.', 0, 3);
insert into producto (idProducto, correo, precio, nombre, descripcion, vendidos, disponibles) values ( 4,'vmontrosec@bloglines.com', 4649, 'Fiddlehead - Frozen', 'Integer tincidunt ante vel ipsum. Praesent blandit lacinia erat. Vestibulum sed magna at nunc commodo placerat.', 0, 4);
insert into producto (idProducto, correo, precio, nombre, descripcion, vendidos, disponibles) values ( 5,'sklimpm@merriam-webster.com', 4750, 'Jello - Assorted', 'Curabitur gravida nisi at nibh. In hac habitasse platea dictumst. Aliquam augue quam, sollicitudin vitae, consectetuer eget, rutrum at, lorem.

Integer tincidunt ante vel ipsum. Praesent blandit lacinia erat. Vestibulum sed magna at nunc commodo placerat.', 0, 5);
insert into producto (idProducto, correo, precio, nombre, descripcion, vendidos, disponibles) values ( 6,'bringrosey@sphinn.com', 2475, 'Loaf Pan - 2 Lb, Foil', 'Nullam porttitor lacus at turpis. Donec posuere metus vitae ipsum. Aliquam non mauris.

Morbi non lectus. Aliquam sit amet diam in magna bibendum imperdiet. Nullam orci pede, venenatis non, sodales sed, tincidunt eu, felis.', 0, 6);
insert into producto (idProducto, correo, precio, nombre, descripcion, vendidos, disponibles) values ( 7,'wwallage2@acquirethisname.com', 4233, 'Juice - Happy Planet', 'Fusce consequat. Nulla nisl. Nunc nisl.

Duis bibendum, felis sed interdum venenatis, turpis enim blandit mi, in porttitor pede justo eu massa. Donec dapibus. Duis at velit eu est congue elementum.', 0, 7);
insert into producto (idProducto, correo, precio, nombre, descripcion, vendidos, disponibles) values ( 8,'taggottb@51.la', 4734, 'Peppercorns - Pink', 'Mauris enim leo, rhoncus sed, vestibulum sit amet, cursus id, turpis. Integer aliquet, massa id lobortis convallis, tortor risus dapibus augue, vel accumsan tellus nisi eu orci. Mauris lacinia sapien quis libero.

Nullam sit amet turpis elementum ligula vehicula consequat. Morbi a ipsum. Integer a nibh.', 0, 8);
insert into producto (idProducto, correo, precio, nombre, descripcion, vendidos, disponibles) values ( 9,'wwallage2@acquirethisname.com', 582, 'Crush - Orange, 355ml', 'In hac habitasse platea dictumst. Etiam faucibus cursus urna. Ut tellus.', 0, 9);
insert into producto (idProducto, correo, precio, nombre, descripcion, vendidos, disponibles) values ( 10,'doswaldt@hc360.com', 904, 'Lettuce - Boston Bib - Organic', 'Nullam porttitor lacus at turpis. Donec posuere metus vitae ipsum. Aliquam non mauris.

Morbi non lectus. Aliquam sit amet diam in magna bibendum imperdiet. Nullam orci pede, venenatis non, sodales sed, tincidunt eu, felis.', 0, 10);
insert into producto (idProducto, correo, precio, nombre, descripcion, vendidos, disponibles) values ( 11,'bbrasonq@mit.edu', 1137, 'Coffee Cup 12oz 5342cd', 'Praesent blandit. Nam nulla. Integer pede justo, lacinia eget, tincidunt eget, tempus vel, pede.

Morbi porttitor lorem id ligula. Suspendisse ornare consequat lectus. In est risus, auctor sed, tristique in, tempus sit amet, sem.', 0, 11);
insert into producto (idProducto, correo, precio, nombre, descripcion, vendidos, disponibles) values ( 12,'ysutcliff1b@theguardian.com', 1348, 'Carbonated Water - Strawberry', 'Lorem ipsum dolor sit amet, consectetuer adipiscing elit. Proin risus. Praesent lectus.', 0, 12);
insert into producto (idProducto, correo, precio, nombre, descripcion, vendidos, disponibles) values ( 13,'lfalvey4@linkedin.com', 473, 'Oven Mitts 17 Inch', 'Duis bibendum. Morbi non quam nec dui luctus rutrum. Nulla tellus.', 0, 13);
insert into producto (idProducto, correo, precio, nombre, descripcion, vendidos, disponibles) values ( 14,'mdarleyf@addthis.com', 2258, 'Bread - Granary Small Pull', 'Duis bibendum, felis sed interdum venenatis, turpis enim blandit mi, in porttitor pede justo eu massa. Donec dapibus. Duis at velit eu est congue elementum.

In hac habitasse platea dictumst. Morbi vestibulum, velit id pretium iaculis, diam erat fermentum justo, nec condimentum neque sapien placerat ante. Nulla justo.', 0, 14);
insert into producto (idProducto, correo, precio, nombre, descripcion, vendidos, disponibles) values ( 15,'ehemerijk1d@unc.edu', 4230, 'Southern Comfort', 'Praesent blandit. Nam nulla. Integer pede justo, lacinia eget, tincidunt eget, tempus vel, pede.

Morbi porttitor lorem id ligula. Suspendisse ornare consequat lectus. In est risus, auctor sed, tristique in, tempus sit amet, sem.', 0, 15);
insert into producto (idProducto, correo, precio, nombre, descripcion, vendidos, disponibles) values ( 16,'usearl9@fastcompany.com', 1513, 'Flower - Leather Leaf Fern', 'Maecenas ut massa quis augue luctus tincidunt. Nulla mollis molestie lorem. Quisque ut erat.

Curabitur gravida nisi at nibh. In hac habitasse platea dictumst. Aliquam augue quam, sollicitudin vitae, consectetuer eget, rutrum at, lorem.', 0, 16);
insert into producto (idProducto, correo, precio, nombre, descripcion, vendidos, disponibles) values ( 17,'rgossr@twitter.com', 1625, 'Soup - Boston Clam Chowder', 'Nullam porttitor lacus at turpis. Donec posuere metus vitae ipsum. Aliquam non mauris.

Morbi non lectus. Aliquam sit amet diam in magna bibendum imperdiet. Nullam orci pede, venenatis non, sodales sed, tincidunt eu, felis.', 0, 17);
insert into producto (idProducto, correo, precio, nombre, descripcion, vendidos, disponibles) values ( 18,'ppryerl@aboutads.info', 2906, 'Grapes - Black', 'Proin interdum mauris non ligula pellentesque ultrices. Phasellus id sapien in sapien iaculis congue. Vivamus metus arcu, adipiscing molestie, hendrerit at, vulputate vitae, nisl.

Aenean lectus. Pellentesque eget nunc. Donec quis orci eget orci vehicula condimentum.', 0, 18);
insert into producto (idProducto, correo, precio, nombre, descripcion, vendidos, disponibles) values ( 19,'emickelwright0@yelp.com', 3083, 'Langers - Cranberry Cocktail', 'Vestibulum ac est lacinia nisi venenatis tristique. Fusce congue, diam id ornare imperdiet, sapien urna pretium nisl, ut volutpat sapien arcu sed augue. Aliquam erat volutpat.', 0, 19);
insert into producto (idProducto, correo, precio, nombre, descripcion, vendidos, disponibles) values ( 20,'bbrasonq@mit.edu', 2440, 'Dried Figs', 'Praesent blandit. Nam nulla. Integer pede justo, lacinia eget, tincidunt eget, tempus vel, pede.', 0, 20);
insert into producto (idProducto, correo, precio, nombre, descripcion, vendidos, disponibles) values ( 21,'miglesia10@apache.org', 3032, 'Sauce - Soya, Light', 'Aenean fermentum. Donec ut mauris eget massa tempor convallis. Nulla neque libero, convallis eget, eleifend luctus, ultricies eu, nibh.

Quisque id justo sit amet sapien dignissim vestibulum. Vestibulum ante ipsum primis in faucibus orci luctus et ultrices posuere cubilia Curae; Nulla dapibus dolor vel est. Donec odio justo, sollicitudin ut, suscipit a, feugiat et, eros.', 0, 21);
insert into producto (idProducto, correo, precio, nombre, descripcion, vendidos, disponibles) values ( 22,'hkeedy7@gmpg.org', 4165, 'Chicken - White Meat, No Tender', 'Mauris enim leo, rhoncus sed, vestibulum sit amet, cursus id, turpis. Integer aliquet, massa id lobortis convallis, tortor risus dapibus augue, vel accumsan tellus nisi eu orci. Mauris lacinia sapien quis libero.', 0, 22);
insert into producto (idProducto, correo, precio, nombre, descripcion, vendidos, disponibles) values ( 23,'rmartinsonw@icq.com', 2455, 'Wine - Chenin Blanc K.w.v.', 'Suspendisse potenti. In eleifend quam a odio. In hac habitasse platea dictumst.', 0, 23);
insert into producto (idProducto, correo, precio, nombre, descripcion, vendidos, disponibles) values ( 24,'theadleyh@chron.com', 4727, 'Mix Pina Colada', 'Aliquam quis turpis eget elit sodales scelerisque. Mauris sit amet eros. Suspendisse accumsan tortor quis turpis.

Sed ante. Vivamus tortor. Duis mattis egestas metus.', 0, 24);
insert into producto (idProducto, correo, precio, nombre, descripcion, vendidos, disponibles) values ( 25,'emickelwright0@yelp.com', 1667, 'Wine - Trimbach Pinot Blanc', 'Lorem ipsum dolor sit amet, consectetuer adipiscing elit. Proin risus. Praesent lectus.', 0, 25);
insert into producto (idProducto, correo, precio, nombre, descripcion, vendidos, disponibles) values ( 26,'cbompask@seesaa.net', 391, 'Shrimp - Prawn', 'Quisque id justo sit amet sapien dignissim vestibulum. Vestibulum ante ipsum primis in faucibus orci luctus et ultrices posuere cubilia Curae; Nulla dapibus dolor vel est. Donec odio justo, sollicitudin ut, suscipit a, feugiat et, eros.

Vestibulum ac est lacinia nisi venenatis tristique. Fusce congue, diam id ornare imperdiet, sapien urna pretium nisl, ut volutpat sapien arcu sed augue. Aliquam erat volutpat.', 0, 26);
insert into producto (idProducto, correo, precio, nombre, descripcion, vendidos, disponibles) values ( 27,'ppryerl@aboutads.info', 3320, 'Quiche Assorted', 'Maecenas leo odio, condimentum id, luctus nec, molestie sed, justo. Pellentesque viverra pede ac diam. Cras pellentesque volutpat dui.

Maecenas tristique, est et tempus semper, est quam pharetra magna, ac consequat metus sapien ut nunc. Vestibulum ante ipsum primis in faucibus orci luctus et ultrices posuere cubilia Curae; Mauris viverra diam vitae quam. Suspendisse potenti.', 0, 27);
insert into producto (idProducto, correo, precio, nombre, descripcion, vendidos, disponibles) values ( 28,'hkubiceki@zdnet.com', 2471, 'Gooseberry', 'Sed sagittis. Nam congue, risus semper porta volutpat, quam pede lobortis ligula, sit amet eleifend pede libero quis orci. Nullam molestie nibh in lectus.

Pellentesque at nulla. Suspendisse potenti. Cras in purus eu magna vulputate luctus.', 0, 28);
insert into producto (idProducto, correo, precio, nombre, descripcion, vendidos, disponibles) values ( 29,'gduchants@theatlantic.com', 2891, 'Curry Paste - Madras', 'Praesent id massa id nisl venenatis lacinia. Aenean sit amet justo. Morbi ut odio.

Cras mi pede, malesuada in, imperdiet et, commodo vulputate, justo. In blandit ultrices enim. Lorem ipsum dolor sit amet, consectetuer adipiscing elit.', 0, 29);
insert into producto (idProducto, correo, precio, nombre, descripcion, vendidos, disponibles) values ( 30,'vmanilop@nhs.uk', 4126, 'Wine - Red, Cabernet Merlot', 'Quisque id justo sit amet sapien dignissim vestibulum. Vestibulum ante ipsum primis in faucibus orci luctus et ultrices posuere cubilia Curae; Nulla dapibus dolor vel est. Donec odio justo, sollicitudin ut, suscipit a, feugiat et, eros.

Vestibulum ac est lacinia nisi venenatis tristique. Fusce congue, diam id ornare imperdiet, sapien urna pretium nisl, ut volutpat sapien arcu sed augue. Aliquam erat volutpat.', 0, 30);
insert into producto (idProducto, correo, precio, nombre, descripcion, vendidos, disponibles) values ( 31,'sklimpm@merriam-webster.com', 579, 'Wine - Bouchard La Vignee Pinot', 'Vestibulum ac est lacinia nisi venenatis tristique. Fusce congue, diam id ornare imperdiet, sapien urna pretium nisl, ut volutpat sapien arcu sed augue. Aliquam erat volutpat.', 0, 31);
insert into producto (idProducto, correo, precio, nombre, descripcion, vendidos, disponibles) values ( 32,'vmanilop@nhs.uk', 4039, 'Syrup - Monin, Swiss Choclate', 'Proin leo odio, porttitor id, consequat in, consequat ut, nulla. Sed accumsan felis. Ut at dolor quis odio consequat varius.

Integer ac leo. Pellentesque ultrices mattis odio. Donec vitae nisi.', 0, 32);
insert into producto (idProducto, correo, precio, nombre, descripcion, vendidos, disponibles) values ( 33,'bjuorio1a@bloomberg.com', 2515, 'Bread - Petit Baguette', 'Cum sociis natoque penatibus et magnis dis parturient montes, nascetur ridiculus mus. Vivamus vestibulum sagittis sapien. Cum sociis natoque penatibus et magnis dis parturient montes, nascetur ridiculus mus.

Etiam vel augue. Vestibulum rutrum rutrum neque. Aenean auctor gravida sem.', 0, 33);
insert into producto (idProducto, correo, precio, nombre, descripcion, vendidos, disponibles) values ( 34,'mdarleyf@addthis.com', 4427, 'Thyme - Lemon, Fresh', 'Nam ultrices, libero non mattis pulvinar, nulla pede ullamcorper augue, a suscipit nulla elit ac nulla. Sed vel enim sit amet nunc viverra dapibus. Nulla suscipit ligula in lacus.', 0, 34);
insert into producto (idProducto, correo, precio, nombre, descripcion, vendidos, disponibles) values ( 35,'taggottb@51.la', 120, 'Cookie Dough - Chocolate Chip', 'Praesent id massa id nisl venenatis lacinia. Aenean sit amet justo. Morbi ut odio.

Cras mi pede, malesuada in, imperdiet et, commodo vulputate, justo. In blandit ultrices enim. Lorem ipsum dolor sit amet, consectetuer adipiscing elit.', 0, 35);
insert into producto (idProducto, correo, precio, nombre, descripcion, vendidos, disponibles) values ( 36,'hkubiceki@zdnet.com', 3610, 'Bar - Granola Trail Mix Fruit Nut', 'Duis bibendum, felis sed interdum venenatis, turpis enim blandit mi, in porttitor pede justo eu massa. Donec dapibus. Duis at velit eu est congue elementum.

In hac habitasse platea dictumst. Morbi vestibulum, velit id pretium iaculis, diam erat fermentum justo, nec condimentum neque sapien placerat ante. Nulla justo.', 0, 36);
insert into producto (idProducto, correo, precio, nombre, descripcion, vendidos, disponibles) values ( 37,'vmanilop@nhs.uk', 4720, 'Cherries - Bing, Canned', 'Sed sagittis. Nam congue, risus semper porta volutpat, quam pede lobortis ligula, sit amet eleifend pede libero quis orci. Nullam molestie nibh in lectus.

Pellentesque at nulla. Suspendisse potenti. Cras in purus eu magna vulputate luctus.', 0, 37);
insert into producto (idProducto, correo, precio, nombre, descripcion, vendidos, disponibles) values ( 38,'wbabbz@wordpress.org', 3256, 'Appetizer - Crab And Brie', 'Duis bibendum, felis sed interdum venenatis, turpis enim blandit mi, in porttitor pede justo eu massa. Donec dapibus. Duis at velit eu est congue elementum.', 0, 38);
insert into producto (idProducto, correo, precio, nombre, descripcion, vendidos, disponibles) values ( 39,'emickelwright0@yelp.com', 540, 'True - Vue Containers', 'Duis consequat dui nec nisi volutpat eleifend. Donec ut dolor. Morbi vel lectus in quam fringilla rhoncus.', 0, 39);
insert into producto (idProducto, correo, precio, nombre, descripcion, vendidos, disponibles) values ( 40,'gduchants@theatlantic.com', 263, 'Bar Energy Chocchip', 'Proin eu mi. Nulla ac enim. In tempor, turpis nec euismod scelerisque, quam turpis adipiscing lorem, vitae mattis nibh ligula nec sem.', 0, 40);
insert into producto (idProducto, correo, precio, nombre, descripcion, vendidos, disponibles) values ( 41,'mjanjusevic15@cloudflare.com', 1366, 'Yams', 'Nam ultrices, libero non mattis pulvinar, nulla pede ullamcorper augue, a suscipit nulla elit ac nulla. Sed vel enim sit amet nunc viverra dapibus. Nulla suscipit ligula in lacus.

Curabitur at ipsum ac tellus semper interdum. Mauris ullamcorper purus sit amet nulla. Quisque arcu libero, rutrum ac, lobortis vel, dapibus at, diam.', 0, 41);
insert into producto (idProducto, correo, precio, nombre, descripcion, vendidos, disponibles) values ( 42,'lcrooma@comcast.net', 555, 'Pineapple - Canned, Rings', 'Cras mi pede, malesuada in, imperdiet et, commodo vulputate, justo. In blandit ultrices enim. Lorem ipsum dolor sit amet, consectetuer adipiscing elit.', 0, 42);
insert into producto (idProducto, correo, precio, nombre, descripcion, vendidos, disponibles) values ( 43,'rmartinsonw@icq.com', 2261, 'Cinnamon Rolls', 'Aenean fermentum. Donec ut mauris eget massa tempor convallis. Nulla neque libero, convallis eget, eleifend luctus, ultricies eu, nibh.

Quisque id justo sit amet sapien dignissim vestibulum. Vestibulum ante ipsum primis in faucibus orci luctus et ultrices posuere cubilia Curae; Nulla dapibus dolor vel est. Donec odio justo, sollicitudin ut, suscipit a, feugiat et, eros.', 0, 43);
insert into producto (idProducto, correo, precio, nombre, descripcion, vendidos, disponibles) values ( 44,'bjuorio1a@bloomberg.com', 626, 'Oil - Coconut', 'Morbi non lectus. Aliquam sit amet diam in magna bibendum imperdiet. Nullam orci pede, venenatis non, sodales sed, tincidunt eu, felis.

Fusce posuere felis sed lacus. Morbi sem mauris, laoreet ut, rhoncus aliquet, pulvinar sed, nisl. Nunc rhoncus dui vel sem.', 0, 44);
insert into producto (idProducto, correo, precio, nombre, descripcion, vendidos, disponibles) values ( 45,'cstollsteimer1c@instagram.com', 3316, 'Coke - Classic, 355 Ml', 'Nam ultrices, libero non mattis pulvinar, nulla pede ullamcorper augue, a suscipit nulla elit ac nulla. Sed vel enim sit amet nunc viverra dapibus. Nulla suscipit ligula in lacus.', 0, 45);
insert into producto (idProducto, correo, precio, nombre, descripcion, vendidos, disponibles) values ( 46,'cstollsteimer1c@instagram.com', 197, 'Crackers Cheez It', 'Fusce posuere felis sed lacus. Morbi sem mauris, laoreet ut, rhoncus aliquet, pulvinar sed, nisl. Nunc rhoncus dui vel sem.', 0, 46);
insert into producto (idProducto, correo, precio, nombre, descripcion, vendidos, disponibles) values ( 47,'ecumminge@fotki.com', 1584, 'Bread - Sticks, Thin, Plain', 'Vestibulum quam sapien, varius ut, blandit non, interdum in, ante. Vestibulum ante ipsum primis in faucibus orci luctus et ultrices posuere cubilia Curae; Duis faucibus accumsan odio. Curabitur convallis.', 0, 47);
insert into producto (idProducto, correo, precio, nombre, descripcion, vendidos, disponibles) values ( 48,'bringrosey@sphinn.com', 1020, 'Puff Pastry - Sheets', 'Etiam vel augue. Vestibulum rutrum rutrum neque. Aenean auctor gravida sem.

Praesent id massa id nisl venenatis lacinia. Aenean sit amet justo. Morbi ut odio.', 0, 48);
insert into producto (idProducto, correo, precio, nombre, descripcion, vendidos, disponibles) values ( 49,'vmanilop@nhs.uk', 2104, 'Ice Cream - Life Savers', 'Fusce posuere felis sed lacus. Morbi sem mauris, laoreet ut, rhoncus aliquet, pulvinar sed, nisl. Nunc rhoncus dui vel sem.

Sed sagittis. Nam congue, risus semper porta volutpat, quam pede lobortis ligula, sit amet eleifend pede libero quis orci. Nullam molestie nibh in lectus.', 0, 49);
insert into producto (idProducto, correo, precio, nombre, descripcion, vendidos, disponibles) values ( 50,'sgoldsmithd@umich.edu', 2455, 'Lotus Rootlets - Canned', 'Curabitur in libero ut massa volutpat convallis. Morbi odio odio, elementum eu, interdum eu, tincidunt in, leo. Maecenas pulvinar lobortis est.', 0, 50);
insert into producto (idProducto, correo, precio, nombre, descripcion, vendidos, disponibles) values ( 51,'pricciardelli19@imdb.com', 3742, 'Table Cloth 54x72 White', 'Proin interdum mauris non ligula pellentesque ultrices. Phasellus id sapien in sapien iaculis congue. Vivamus metus arcu, adipiscing molestie, hendrerit at, vulputate vitae, nisl.', 0, 51);
insert into producto (idProducto, correo, precio, nombre, descripcion, vendidos, disponibles) values ( 52,'btrawino@statcounter.com', 332, 'Coffee - Frthy Coffee Crisp', 'Praesent blandit. Nam nulla. Integer pede justo, lacinia eget, tincidunt eget, tempus vel, pede.', 0, 52);
insert into producto (idProducto, correo, precio, nombre, descripcion, vendidos, disponibles) values ( 53,'deustis6@soundcloud.com', 3763, 'Raspberries - Fresh', 'Duis consequat dui nec nisi volutpat eleifend. Donec ut dolor. Morbi vel lectus in quam fringilla rhoncus.', 0, 53);
insert into producto (idProducto, correo, precio, nombre, descripcion, vendidos, disponibles) values ( 54,'aellsworthe3@cnbc.com', 1515, 'Salmon - Atlantic, Fresh, Whole', 'Nullam sit amet turpis elementum ligula vehicula consequat. Morbi a ipsum. Integer a nibh.

In quis justo. Maecenas rhoncus aliquam lacus. Morbi quis tortor id nulla ultrices aliquet.', 0, 54);
insert into producto (idProducto, correo, precio, nombre, descripcion, vendidos, disponibles) values ( 55,'lchicchetto1@npr.org', 3132, 'Sauce - Hollandaise', 'Praesent blandit. Nam nulla. Integer pede justo, lacinia eget, tincidunt eget, tempus vel, pede.

Morbi porttitor lorem id ligula. Suspendisse ornare consequat lectus. In est risus, auctor sed, tristique in, tempus sit amet, sem.', 0, 55);
insert into producto (idProducto, correo, precio, nombre, descripcion, vendidos, disponibles) values ( 56,'lcrooma@comcast.net', 1491, 'Crackers - Water', 'Proin leo odio, porttitor id, consequat in, consequat ut, nulla. Sed accumsan felis. Ut at dolor quis odio consequat varius.

Integer ac leo. Pellentesque ultrices mattis odio. Donec vitae nisi.', 0, 56);
insert into producto (idProducto, correo, precio, nombre, descripcion, vendidos, disponibles) values ( 57,'btrawino@statcounter.com', 2074, 'Pork - Butt, Boneless', 'Aenean lectus. Pellentesque eget nunc. Donec quis orci eget orci vehicula condimentum.', 0, 57);
insert into producto (idProducto, correo, precio, nombre, descripcion, vendidos, disponibles) values ( 58,'gduchants@theatlantic.com', 4836, 'Wine - Carmenere Casillero Del', 'Phasellus in felis. Donec semper sapien a libero. Nam dui.

Proin leo odio, porttitor id, consequat in, consequat ut, nulla. Sed accumsan felis. Ut at dolor quis odio consequat varius.', 0, 58);
insert into producto (idProducto, correo, precio, nombre, descripcion, vendidos, disponibles) values ( 59,'bringrosey@sphinn.com', 4907, 'Mushroom - Enoki, Fresh', 'Maecenas tristique, est et tempus semper, est quam pharetra magna, ac consequat metus sapien ut nunc. Vestibulum ante ipsum primis in faucibus orci luctus et ultrices posuere cubilia Curae; Mauris viverra diam vitae quam. Suspendisse potenti.

Nullam porttitor lacus at turpis. Donec posuere metus vitae ipsum. Aliquam non mauris.', 0, 59);
insert into producto (idProducto, correo, precio, nombre, descripcion, vendidos, disponibles) values ( 60,'rmartinsonw@icq.com', 3688, 'Hot Choc Vending', 'Integer tincidunt ante vel ipsum. Praesent blandit lacinia erat. Vestibulum sed magna at nunc commodo placerat.', 0, 60);
insert into producto (idProducto, correo, precio, nombre, descripcion, vendidos, disponibles) values ( 61,'hkubiceki@zdnet.com', 2212, 'Carrots - Purple, Organic', 'Curabitur gravida nisi at nibh. In hac habitasse platea dictumst. Aliquam augue quam, sollicitudin vitae, consectetuer eget, rutrum at, lorem.', 0, 61);
insert into producto (idProducto, correo, precio, nombre, descripcion, vendidos, disponibles) values ( 62,'rtysacku@cyberchimps.com', 4158, 'Bandage - Finger Cots', 'Lorem ipsum dolor sit amet, consectetuer adipiscing elit. Proin risus. Praesent lectus.

Vestibulum quam sapien, varius ut, blandit non, interdum in, ante. Vestibulum ante ipsum primis in faucibus orci luctus et ultrices posuere cubilia Curae; Duis faucibus accumsan odio. Curabitur convallis.', 0, 62);
insert into producto (idProducto, correo, precio, nombre, descripcion, vendidos, disponibles) values ( 63,'phughes8@studiopress.com', 4338, 'Garam Marsala', 'Lorem ipsum dolor sit amet, consectetuer adipiscing elit. Proin risus. Praesent lectus.', 0, 63);
insert into producto (idProducto, correo, precio, nombre, descripcion, vendidos, disponibles) values ( 64,'sgoldsmithd@umich.edu', 3984, 'Beef - Tongue, Cooked', 'Mauris enim leo, rhoncus sed, vestibulum sit amet, cursus id, turpis. Integer aliquet, massa id lobortis convallis, tortor risus dapibus augue, vel accumsan tellus nisi eu orci. Mauris lacinia sapien quis libero.', 0, 64);
insert into producto (idProducto, correo, precio, nombre, descripcion, vendidos, disponibles) values ( 65,'theadleyh@chron.com', 3916, 'Table Cloth 120 Round White', 'Quisque porta volutpat erat. Quisque erat eros, viverra eget, congue eget, semper rutrum, nulla. Nunc purus.

Phasellus in felis. Donec semper sapien a libero. Nam dui.', 0, 65);
insert into producto (idProducto, correo, precio, nombre, descripcion, vendidos, disponibles) values ( 66,'bringrosey@sphinn.com', 3285, 'Petite Baguette', 'Cum sociis natoque penatibus et magnis dis parturient montes, nascetur ridiculus mus. Vivamus vestibulum sagittis sapien. Cum sociis natoque penatibus et magnis dis parturient montes, nascetur ridiculus mus.

Etiam vel augue. Vestibulum rutrum rutrum neque. Aenean auctor gravida sem.', 0, 66);
insert into producto (idProducto, correo, precio, nombre, descripcion, vendidos, disponibles) values ( 67,'phughes8@studiopress.com', 4025, 'Carbonated Water - Wildberry', 'Aliquam quis turpis eget elit sodales scelerisque. Mauris sit amet eros. Suspendisse accumsan tortor quis turpis.', 0, 67);
insert into producto (idProducto, correo, precio, nombre, descripcion, vendidos, disponibles) values ( 68,'hkeedy7@gmpg.org', 4051, 'Fish - Atlantic Salmon, Cold', 'Proin interdum mauris non ligula pellentesque ultrices. Phasellus id sapien in sapien iaculis congue. Vivamus metus arcu, adipiscing molestie, hendrerit at, vulputate vitae, nisl.', 0, 68);
insert into producto (idProducto, correo, precio, nombre, descripcion, vendidos, disponibles) values ( 69,'focaine18@privacy.gov.au', 550, 'Wine - Cotes Du Rhone', 'Curabitur gravida nisi at nibh. In hac habitasse platea dictumst. Aliquam augue quam, sollicitudin vitae, consectetuer eget, rutrum at, lorem.

Integer tincidunt ante vel ipsum. Praesent blandit lacinia erat. Vestibulum sed magna at nunc commodo placerat.', 0, 69);
insert into producto (idProducto, correo, precio, nombre, descripcion, vendidos, disponibles) values ( 70,'bjuorio1a@bloomberg.com', 4358, 'Lamb Rack - Ontario', 'Duis aliquam convallis nunc. Proin at turpis a pede posuere nonummy. Integer non velit.', 0, 70);
insert into producto (idProducto, correo, precio, nombre, descripcion, vendidos, disponibles) values ( 71,'mdarleyf@addthis.com', 4120, 'Swordfish Loin Portions', 'Proin interdum mauris non ligula pellentesque ultrices. Phasellus id sapien in sapien iaculis congue. Vivamus metus arcu, adipiscing molestie, hendrerit at, vulputate vitae, nisl.', 0, 71);
insert into producto (idProducto, correo, precio, nombre, descripcion, vendidos, disponibles) values ( 72,'miglesia10@apache.org', 4598, 'Dikon', 'Pellentesque at nulla. Suspendisse potenti. Cras in purus eu magna vulputate luctus.', 0, 72);
insert into producto (idProducto, correo, precio, nombre, descripcion, vendidos, disponibles) values ( 73,'bringrosey@sphinn.com', 692, 'Mudslide', 'Morbi porttitor lorem id ligula. Suspendisse ornare consequat lectus. In est risus, auctor sed, tristique in, tempus sit amet, sem.

Fusce consequat. Nulla nisl. Nunc nisl.', 0, 73);
insert into producto (idProducto, correo, precio, nombre, descripcion, vendidos, disponibles) values ( 74,'vmanilop@nhs.uk', 2143, 'Cheese - Goat', 'Lorem ipsum dolor sit amet, consectetuer adipiscing elit. Proin risus. Praesent lectus.

Vestibulum quam sapien, varius ut, blandit non, interdum in, ante. Vestibulum ante ipsum primis in faucibus orci luctus et ultrices posuere cubilia Curae; Duis faucibus accumsan odio. Curabitur convallis.', 0, 74);
insert into producto (idProducto, correo, precio, nombre, descripcion, vendidos, disponibles) values ( 75,'cbompask@seesaa.net', 4425, 'Lamb Tenderloin Nz Fr', 'Phasellus in felis. Donec semper sapien a libero. Nam dui.

Proin leo odio, porttitor id, consequat in, consequat ut, nulla. Sed accumsan felis. Ut at dolor quis odio consequat varius.', 0, 75);
insert into producto (idProducto, correo, precio, nombre, descripcion, vendidos, disponibles) values ( 76,'dputlandg@nbcnews.com', 4754, 'Pork - European Side Bacon', 'Mauris enim leo, rhoncus sed, vestibulum sit amet, cursus id, turpis. Integer aliquet, massa id lobortis convallis, tortor risus dapibus augue, vel accumsan tellus nisi eu orci. Mauris lacinia sapien quis libero.', 0, 76);
insert into producto (idProducto, correo, precio, nombre, descripcion, vendidos, disponibles) values ( 77,'rgossr@twitter.com', 804, 'Appetizer - Escargot Puff', 'Proin eu mi. Nulla ac enim. In tempor, turpis nec euismod scelerisque, quam turpis adipiscing lorem, vitae mattis nibh ligula nec sem.

Duis aliquam convallis nunc. Proin at turpis a pede posuere nonummy. Integer non velit.', 0, 77);
insert into producto (idProducto, correo, precio, nombre, descripcion, vendidos, disponibles) values ( 78,'wwallage2@acquirethisname.com', 434, 'Bread - Multigrain', 'Nulla ut erat id mauris vulputate elementum. Nullam varius. Nulla facilisi.

Cras non velit nec nisi vulputate nonummy. Maecenas tincidunt lacus at velit. Vivamus vel nulla eget eros elementum pellentesque.', 0, 78);
insert into producto (idProducto, correo, precio, nombre, descripcion, vendidos, disponibles) values ( 79,'lbirmingham13@craigslist.org', 416, 'Ginger - Fresh', 'Aliquam quis turpis eget elit sodales scelerisque. Mauris sit amet eros. Suspendisse accumsan tortor quis turpis.', 0, 79);
insert into producto (idProducto, correo, precio, nombre, descripcion, vendidos, disponibles) values ( 80,'sgoldsmithd@umich.edu', 395, 'Veal - Provimi Inside', 'Praesent blandit. Nam nulla. Integer pede justo, lacinia eget, tincidunt eget, tempus vel, pede.

Morbi porttitor lorem id ligula. Suspendisse ornare consequat lectus. In est risus, auctor sed, tristique in, tempus sit amet, sem.', 0, 80);
insert into producto (idProducto, correo, precio, nombre, descripcion, vendidos, disponibles) values ( 81,'ntrowlv@themeforest.net', 1250, 'Beef - Tenderlion, Center Cut', 'Donec diam neque, vestibulum eget, vulputate ut, ultrices vel, augue. Vestibulum ante ipsum primis in faucibus orci luctus et ultrices posuere cubilia Curae; Donec pharetra, magna vestibulum aliquet ultrices, erat tortor sollicitudin mi, sit amet lobortis sapien sapien non mi. Integer ac neque.

Duis bibendum. Morbi non quam nec dui luctus rutrum. Nulla tellus.', 0, 81);
insert into producto (idProducto, correo, precio, nombre, descripcion, vendidos, disponibles) values ( 82,'sgoldsmithd@umich.edu', 1262, 'Compound - Passion Fruit', 'In sagittis dui vel nisl. Duis ac nibh. Fusce lacus purus, aliquet at, feugiat non, pretium quis, lectus.

Suspendisse potenti. In eleifend quam a odio. In hac habitasse platea dictumst.', 0, 82);
insert into producto (idProducto, correo, precio, nombre, descripcion, vendidos, disponibles) values ( 83,'doswaldt@hc360.com', 457, 'Lamb - Whole Head Off', 'Curabitur gravida nisi at nibh. In hac habitasse platea dictumst. Aliquam augue quam, sollicitudin vitae, consectetuer eget, rutrum at, lorem.', 0, 83);
insert into producto (idProducto, correo, precio, nombre, descripcion, vendidos, disponibles) values ( 84,'mdarleyf@addthis.com', 4835, 'Beets - Candy Cane, Organic', 'Cum sociis natoque penatibus et magnis dis parturient montes, nascetur ridiculus mus. Vivamus vestibulum sagittis sapien. Cum sociis natoque penatibus et magnis dis parturient montes, nascetur ridiculus mus.

Etiam vel augue. Vestibulum rutrum rutrum neque. Aenean auctor gravida sem.', 0, 84);
insert into producto (idProducto, correo, precio, nombre, descripcion, vendidos, disponibles) values ( 85,'pricciardelli19@imdb.com', 2526, 'Chestnuts - Whole,canned', 'Aenean fermentum. Donec ut mauris eget massa tempor convallis. Nulla neque libero, convallis eget, eleifend luctus, ultricies eu, nibh.

Quisque id justo sit amet sapien dignissim vestibulum. Vestibulum ante ipsum primis in faucibus orci luctus et ultrices posuere cubilia Curae; Nulla dapibus dolor vel est. Donec odio justo, sollicitudin ut, suscipit a, feugiat et, eros.', 0, 85);
insert into producto (idProducto, correo, precio, nombre, descripcion, vendidos, disponibles) values ( 86,'ecumminge@fotki.com', 1821, 'Eggs - Extra Large', 'Aenean fermentum. Donec ut mauris eget massa tempor convallis. Nulla neque libero, convallis eget, eleifend luctus, ultricies eu, nibh.', 0, 86);
insert into producto (idProducto, correo, precio, nombre, descripcion, vendidos, disponibles) values ( 87,'vmontrosec@bloglines.com', 3674, 'Gingerale - Diet - Schweppes', 'Proin eu mi. Nulla ac enim. In tempor, turpis nec euismod scelerisque, quam turpis adipiscing lorem, vitae mattis nibh ligula nec sem.', 0, 87);
insert into producto (idProducto, correo, precio, nombre, descripcion, vendidos, disponibles) values ( 88,'hkeedy7@gmpg.org', 1256, 'Milkettes - 2%', 'Nam ultrices, libero non mattis pulvinar, nulla pede ullamcorper augue, a suscipit nulla elit ac nulla. Sed vel enim sit amet nunc viverra dapibus. Nulla suscipit ligula in lacus.

Curabitur at ipsum ac tellus semper interdum. Mauris ullamcorper purus sit amet nulla. Quisque arcu libero, rutrum ac, lobortis vel, dapibus at, diam.', 0, 88);
insert into producto (idProducto, correo, precio, nombre, descripcion, vendidos, disponibles) values ( 89,'mblincowe12@nasa.gov', 1559, 'Pepper - Chipotle, Canned', 'Duis bibendum, felis sed interdum venenatis, turpis enim blandit mi, in porttitor pede justo eu massa. Donec dapibus. Duis at velit eu est congue elementum.', 0, 89);
insert into producto (idProducto, correo, precio, nombre, descripcion, vendidos, disponibles) values ( 90,'ntrowlv@themeforest.net', 4401, 'Soup - Chicken And Wild Rice', 'Praesent blandit. Nam nulla. Integer pede justo, lacinia eget, tincidunt eget, tempus vel, pede.

Morbi porttitor lorem id ligula. Suspendisse ornare consequat lectus. In est risus, auctor sed, tristique in, tempus sit amet, sem.', 0, 90);
insert into producto (idProducto, correo, precio, nombre, descripcion, vendidos, disponibles) values ( 91,'ehemerijk1d@unc.edu', 4536, 'Oven Mitts 17 Inch', 'In hac habitasse platea dictumst. Morbi vestibulum, velit id pretium iaculis, diam erat fermentum justo, nec condimentum neque sapien placerat ante. Nulla justo.', 0, 91);
insert into producto (idProducto, correo, precio, nombre, descripcion, vendidos, disponibles) values ( 92,'doswaldt@hc360.com', 1195, 'Butter - Pod', 'Integer ac leo. Pellentesque ultrices mattis odio. Donec vitae nisi.', 0, 92);
insert into producto (idProducto, correo, precio, nombre, descripcion, vendidos, disponibles) values ( 93,'pricciardelli19@imdb.com', 3728, 'Flax Seed', 'Morbi porttitor lorem id ligula. Suspendisse ornare consequat lectus. In est risus, auctor sed, tristique in, tempus sit amet, sem.', 0, 93);
insert into producto (idProducto, correo, precio, nombre, descripcion, vendidos, disponibles) values ( 94,'deustis6@soundcloud.com', 346, 'Milk - Chocolate 250 Ml', 'Sed ante. Vivamus tortor. Duis mattis egestas metus.

Aenean fermentum. Donec ut mauris eget massa tempor convallis. Nulla neque libero, convallis eget, eleifend luctus, ultricies eu, nibh.', 0, 94);
insert into producto (idProducto, correo, precio, nombre, descripcion, vendidos, disponibles) values ( 95,'ysutcliff1b@theguardian.com', 429, 'Squash - Butternut', 'Curabitur at ipsum ac tellus semper interdum. Mauris ullamcorper purus sit amet nulla. Quisque arcu libero, rutrum ac, lobortis vel, dapibus at, diam.', 0, 95);
insert into producto (idProducto, correo, precio, nombre, descripcion, vendidos, disponibles) values ( 96,'aellsworthe3@cnbc.com', 4216, 'Chocolate Bar - Oh Henry', 'Sed sagittis. Nam congue, risus semper porta volutpat, quam pede lobortis ligula, sit amet eleifend pede libero quis orci. Nullam molestie nibh in lectus.

Pellentesque at nulla. Suspendisse potenti. Cras in purus eu magna vulputate luctus.', 0, 96);
insert into producto (idProducto, correo, precio, nombre, descripcion, vendidos, disponibles) values ( 97,'lchicchetto1@npr.org', 38, 'Rootbeer', 'Sed ante. Vivamus tortor. Duis mattis egestas metus.

Aenean fermentum. Donec ut mauris eget massa tempor convallis. Nulla neque libero, convallis eget, eleifend luctus, ultricies eu, nibh.', 0, 97);
insert into producto (idProducto, correo, precio, nombre, descripcion, vendidos, disponibles) values ( 98,'cstollsteimer1c@instagram.com', 2213, 'Wine - Red, Colio Cabernet', 'Nam ultrices, libero non mattis pulvinar, nulla pede ullamcorper augue, a suscipit nulla elit ac nulla. Sed vel enim sit amet nunc viverra dapibus. Nulla suscipit ligula in lacus.

Curabitur at ipsum ac tellus semper interdum. Mauris ullamcorper purus sit amet nulla. Quisque arcu libero, rutrum ac, lobortis vel, dapibus at, diam.', 0, 98);
insert into producto (idProducto, correo, precio, nombre, descripcion, vendidos, disponibles) values ( 99,'vmontrosec@bloglines.com', 580, 'Eggplant - Regular', 'In hac habitasse platea dictumst. Morbi vestibulum, velit id pretium iaculis, diam erat fermentum justo, nec condimentum neque sapien placerat ante. Nulla justo.', 0, 99);
insert into producto (idProducto, correo, precio, nombre, descripcion, vendidos, disponibles) values ( 100,'sfaulconbridgej@hud.gov', 4060, 'Muffin Batt - Carrot Spice', 'Proin interdum mauris non ligula pellentesque ultrices. Phasellus id sapien in sapien iaculis congue. Vivamus metus arcu, adipiscing molestie, hendrerit at, vulputate vitae, nisl.', 0, 100);
insert into imagen (idProducto, imagen) values (1, 'http://dummyimage.com/110x100.png/cc0000/ffffff');
insert into imagen (idProducto, imagen) values (2, 'http://dummyimage.com/182x100.png/cc0000/ffffff');
insert into imagen (idProducto, imagen) values (3, 'http://dummyimage.com/164x100.png/cc0000/ffffff');
insert into imagen (idProducto, imagen) values (4, 'http://dummyimage.com/183x100.png/cc0000/ffffff');
insert into imagen (idProducto, imagen) values (5, 'http://dummyimage.com/105x100.png/ff4444/ffffff');
insert into imagen (idProducto, imagen) values (6, 'http://dummyimage.com/128x100.png/cc0000/ffffff');
insert into imagen (idProducto, imagen) values (7, 'http://dummyimage.com/245x100.png/dddddd/000000');
insert into imagen (idProducto, imagen) values (8, 'http://dummyimage.com/186x100.png/ff4444/ffffff');
insert into imagen (idProducto, imagen) values (9, 'http://dummyimage.com/121x100.png/5fa2dd/ffffff');
insert into imagen (idProducto, imagen) values (10, 'http://dummyimage.com/161x100.png/5fa2dd/ffffff');
insert into imagen (idProducto, imagen) values (11, 'http://dummyimage.com/232x100.png/cc0000/ffffff');
insert into imagen (idProducto, imagen) values (12, 'http://dummyimage.com/210x100.png/ff4444/ffffff');
insert into imagen (idProducto, imagen) values (13, 'http://dummyimage.com/215x100.png/5fa2dd/ffffff');
insert into imagen (idProducto, imagen) values (14, 'http://dummyimage.com/123x100.png/5fa2dd/ffffff');
insert into imagen (idProducto, imagen) values (15, 'http://dummyimage.com/223x100.png/ff4444/ffffff');
insert into imagen (idProducto, imagen) values (16, 'http://dummyimage.com/240x100.png/ff4444/ffffff');
insert into imagen (idProducto, imagen) values (17, 'http://dummyimage.com/185x100.png/ff4444/ffffff');
insert into imagen (idProducto, imagen) values (18, 'http://dummyimage.com/229x100.png/cc0000/ffffff');
insert into imagen (idProducto, imagen) values (19, 'http://dummyimage.com/113x100.png/5fa2dd/ffffff');
insert into imagen (idProducto, imagen) values (20, 'http://dummyimage.com/227x100.png/dddddd/000000');
insert into imagen (idProducto, imagen) values (21, 'http://dummyimage.com/209x100.png/dddddd/000000');
insert into imagen (idProducto, imagen) values (22, 'http://dummyimage.com/143x100.png/5fa2dd/ffffff');
insert into imagen (idProducto, imagen) values (23, 'http://dummyimage.com/196x100.png/ff4444/ffffff');
insert into imagen (idProducto, imagen) values (24, 'http://dummyimage.com/156x100.png/5fa2dd/ffffff');
insert into imagen (idProducto, imagen) values (25, 'http://dummyimage.com/132x100.png/ff4444/ffffff');
insert into imagen (idProducto, imagen) values (26, 'http://dummyimage.com/126x100.png/5fa2dd/ffffff');
insert into imagen (idProducto, imagen) values (27, 'http://dummyimage.com/125x100.png/5fa2dd/ffffff');
insert into imagen (idProducto, imagen) values (28, 'http://dummyimage.com/122x100.png/dddddd/000000');
insert into imagen (idProducto, imagen) values (29, 'http://dummyimage.com/105x100.png/ff4444/ffffff');
insert into imagen (idProducto, imagen) values (30, 'http://dummyimage.com/159x100.png/ff4444/ffffff');
insert into imagen (idProducto, imagen) values (31, 'http://dummyimage.com/114x100.png/cc0000/ffffff');
insert into imagen (idProducto, imagen) values (32, 'http://dummyimage.com/113x100.png/cc0000/ffffff');
insert into imagen (idProducto, imagen) values (33, 'http://dummyimage.com/113x100.png/cc0000/ffffff');
insert into imagen (idProducto, imagen) values (34, 'http://dummyimage.com/100x100.png/cc0000/ffffff');
insert into imagen (idProducto, imagen) values (35, 'http://dummyimage.com/213x100.png/5fa2dd/ffffff');
insert into imagen (idProducto, imagen) values (36, 'http://dummyimage.com/126x100.png/dddddd/000000');
insert into imagen (idProducto, imagen) values (37, 'http://dummyimage.com/168x100.png/5fa2dd/ffffff');
insert into imagen (idProducto, imagen) values (38, 'http://dummyimage.com/195x100.png/cc0000/ffffff');
insert into imagen (idProducto, imagen) values (39, 'http://dummyimage.com/239x100.png/cc0000/ffffff');
insert into imagen (idProducto, imagen) values (40, 'http://dummyimage.com/154x100.png/cc0000/ffffff');
insert into imagen (idProducto, imagen) values (41, 'http://dummyimage.com/181x100.png/dddddd/000000');
insert into imagen (idProducto, imagen) values (42, 'http://dummyimage.com/115x100.png/dddddd/000000');
insert into imagen (idProducto, imagen) values (43, 'http://dummyimage.com/243x100.png/cc0000/ffffff');
insert into imagen (idProducto, imagen) values (44, 'http://dummyimage.com/192x100.png/ff4444/ffffff');
insert into imagen (idProducto, imagen) values (45, 'http://dummyimage.com/104x100.png/5fa2dd/ffffff');
insert into imagen (idProducto, imagen) values (46, 'http://dummyimage.com/156x100.png/cc0000/ffffff');
insert into imagen (idProducto, imagen) values (47, 'http://dummyimage.com/190x100.png/ff4444/ffffff');
insert into imagen (idProducto, imagen) values (48, 'http://dummyimage.com/140x100.png/dddddd/000000');
insert into imagen (idProducto, imagen) values (49, 'http://dummyimage.com/248x100.png/dddddd/000000');
insert into imagen (idProducto, imagen) values (50, 'http://dummyimage.com/150x100.png/cc0000/ffffff');
insert into imagen (idProducto, imagen) values (51, 'http://dummyimage.com/104x100.png/dddddd/000000');
insert into imagen (idProducto, imagen) values (52, 'http://dummyimage.com/185x100.png/ff4444/ffffff');
insert into imagen (idProducto, imagen) values (53, 'http://dummyimage.com/135x100.png/5fa2dd/ffffff');
insert into imagen (idProducto, imagen) values (54, 'http://dummyimage.com/172x100.png/ff4444/ffffff');
insert into imagen (idProducto, imagen) values (55, 'http://dummyimage.com/245x100.png/5fa2dd/ffffff');
insert into imagen (idProducto, imagen) values (56, 'http://dummyimage.com/197x100.png/dddddd/000000');
insert into imagen (idProducto, imagen) values (57, 'http://dummyimage.com/118x100.png/ff4444/ffffff');
insert into imagen (idProducto, imagen) values (58, 'http://dummyimage.com/118x100.png/dddddd/000000');
insert into imagen (idProducto, imagen) values (59, 'http://dummyimage.com/194x100.png/dddddd/000000');
insert into imagen (idProducto, imagen) values (60, 'http://dummyimage.com/150x100.png/ff4444/ffffff');
insert into imagen (idProducto, imagen) values (61, 'http://dummyimage.com/207x100.png/cc0000/ffffff');
insert into imagen (idProducto, imagen) values (62, 'http://dummyimage.com/126x100.png/ff4444/ffffff');
insert into imagen (idProducto, imagen) values (63, 'http://dummyimage.com/227x100.png/ff4444/ffffff');
insert into imagen (idProducto, imagen) values (64, 'http://dummyimage.com/129x100.png/ff4444/ffffff');
insert into imagen (idProducto, imagen) values (65, 'http://dummyimage.com/184x100.png/cc0000/ffffff');
insert into imagen (idProducto, imagen) values (66, 'http://dummyimage.com/221x100.png/5fa2dd/ffffff');
insert into imagen (idProducto, imagen) values (67, 'http://dummyimage.com/110x100.png/ff4444/ffffff');
insert into imagen (idProducto, imagen) values (68, 'http://dummyimage.com/113x100.png/dddddd/000000');
insert into imagen (idProducto, imagen) values (69, 'http://dummyimage.com/216x100.png/5fa2dd/ffffff');
insert into imagen (idProducto, imagen) values (70, 'http://dummyimage.com/201x100.png/dddddd/000000');
insert into imagen (idProducto, imagen) values (71, 'http://dummyimage.com/202x100.png/5fa2dd/ffffff');
insert into imagen (idProducto, imagen) values (72, 'http://dummyimage.com/128x100.png/cc0000/ffffff');
insert into imagen (idProducto, imagen) values (73, 'http://dummyimage.com/245x100.png/5fa2dd/ffffff');
insert into imagen (idProducto, imagen) values (74, 'http://dummyimage.com/189x100.png/5fa2dd/ffffff');
insert into imagen (idProducto, imagen) values (75, 'http://dummyimage.com/167x100.png/ff4444/ffffff');
insert into imagen (idProducto, imagen) values (76, 'http://dummyimage.com/117x100.png/5fa2dd/ffffff');
insert into imagen (idProducto, imagen) values (77, 'http://dummyimage.com/206x100.png/5fa2dd/ffffff');
insert into imagen (idProducto, imagen) values (78, 'http://dummyimage.com/192x100.png/5fa2dd/ffffff');
insert into imagen (idProducto, imagen) values (79, 'http://dummyimage.com/174x100.png/dddddd/000000');
insert into imagen (idProducto, imagen) values (80, 'http://dummyimage.com/119x100.png/cc0000/ffffff');
insert into imagen (idProducto, imagen) values (81, 'http://dummyimage.com/117x100.png/cc0000/ffffff');
insert into imagen (idProducto, imagen) values (82, 'http://dummyimage.com/130x100.png/ff4444/ffffff');
insert into imagen (idProducto, imagen) values (83, 'http://dummyimage.com/206x100.png/5fa2dd/ffffff');
insert into imagen (idProducto, imagen) values (84, 'http://dummyimage.com/129x100.png/5fa2dd/ffffff');
insert into imagen (idProducto, imagen) values (85, 'http://dummyimage.com/228x100.png/dddddd/000000');
insert into imagen (idProducto, imagen) values (86, 'http://dummyimage.com/228x100.png/5fa2dd/ffffff');
insert into imagen (idProducto, imagen) values (87, 'http://dummyimage.com/115x100.png/5fa2dd/ffffff');
insert into imagen (idProducto, imagen) values (88, 'http://dummyimage.com/132x100.png/cc0000/ffffff');
insert into imagen (idProducto, imagen) values (89, 'http://dummyimage.com/177x100.png/cc0000/ffffff');
insert into imagen (idProducto, imagen) values (90, 'http://dummyimage.com/229x100.png/5fa2dd/ffffff');
insert into imagen (idProducto, imagen) values (91, 'http://dummyimage.com/134x100.png/5fa2dd/ffffff');
insert into imagen (idProducto, imagen) values (92, 'http://dummyimage.com/150x100.png/dddddd/000000');
insert into imagen (idProducto, imagen) values (93, 'http://dummyimage.com/150x100.png/ff4444/ffffff');
insert into imagen (idProducto, imagen) values (94, 'http://dummyimage.com/208x100.png/dddddd/000000');
insert into imagen (idProducto, imagen) values (95, 'http://dummyimage.com/237x100.png/ff4444/ffffff');
insert into imagen (idProducto, imagen) values (96, 'http://dummyimage.com/155x100.png/dddddd/000000');
insert into imagen (idProducto, imagen) values (97, 'http://dummyimage.com/139x100.png/cc0000/ffffff');
insert into imagen (idProducto, imagen) values (98, 'http://dummyimage.com/173x100.png/5fa2dd/ffffff');
insert into imagen (idProducto, imagen) values (99, 'http://dummyimage.com/194x100.png/dddddd/000000');
insert into imagen (idProducto, imagen) values (100, 'http://dummyimage.com/101x100.png/cc0000/ffffff');
insert into imagen (idProducto, imagen) values (1, 'http://dummyimage.com/115x100.png/ff4444/ffffff');
insert into imagen (idProducto, imagen) values (2, 'http://dummyimage.com/227x100.png/cc0000/ffffff');
insert into imagen (idProducto, imagen) values (3, 'http://dummyimage.com/112x100.png/ff4444/ffffff');
insert into imagen (idProducto, imagen) values (4, 'http://dummyimage.com/143x100.png/5fa2dd/ffffff');
insert into imagen (idProducto, imagen) values (5, 'http://dummyimage.com/100x100.png/ff4444/ffffff');
insert into imagen (idProducto, imagen) values (6, 'http://dummyimage.com/152x100.png/5fa2dd/ffffff');
insert into imagen (idProducto, imagen) values (7, 'http://dummyimage.com/216x100.png/ff4444/ffffff');
insert into imagen (idProducto, imagen) values (8, 'http://dummyimage.com/232x100.png/cc0000/ffffff');
insert into imagen (idProducto, imagen) values (9, 'http://dummyimage.com/174x100.png/5fa2dd/ffffff');
insert into imagen (idProducto, imagen) values (10, 'http://dummyimage.com/223x100.png/cc0000/ffffff');
insert into imagen (idProducto, imagen) values (11, 'http://dummyimage.com/203x100.png/cc0000/ffffff');
insert into imagen (idProducto, imagen) values (12, 'http://dummyimage.com/196x100.png/cc0000/ffffff');
insert into imagen (idProducto, imagen) values (13, 'http://dummyimage.com/185x100.png/dddddd/000000');
insert into imagen (idProducto, imagen) values (14, 'http://dummyimage.com/223x100.png/5fa2dd/ffffff');
insert into imagen (idProducto, imagen) values (15, 'http://dummyimage.com/163x100.png/dddddd/000000');
insert into imagen (idProducto, imagen) values (16, 'http://dummyimage.com/124x100.png/dddddd/000000');
insert into imagen (idProducto, imagen) values (17, 'http://dummyimage.com/150x100.png/5fa2dd/ffffff');
insert into imagen (idProducto, imagen) values (18, 'http://dummyimage.com/119x100.png/cc0000/ffffff');
insert into imagen (idProducto, imagen) values (19, 'http://dummyimage.com/194x100.png/ff4444/ffffff');
insert into imagen (idProducto, imagen) values (20, 'http://dummyimage.com/222x100.png/5fa2dd/ffffff');
insert into imagen (idProducto, imagen) values (21, 'http://dummyimage.com/200x100.png/5fa2dd/ffffff');
insert into imagen (idProducto, imagen) values (22, 'http://dummyimage.com/201x100.png/5fa2dd/ffffff');
insert into imagen (idProducto, imagen) values (23, 'http://dummyimage.com/109x100.png/ff4444/ffffff');
insert into imagen (idProducto, imagen) values (24, 'http://dummyimage.com/194x100.png/dddddd/000000');
insert into imagen (idProducto, imagen) values (25, 'http://dummyimage.com/225x100.png/dddddd/000000');
insert into imagen (idProducto, imagen) values (26, 'http://dummyimage.com/173x100.png/5fa2dd/ffffff');
insert into imagen (idProducto, imagen) values (27, 'http://dummyimage.com/138x100.png/5fa2dd/ffffff');
insert into imagen (idProducto, imagen) values (28, 'http://dummyimage.com/175x100.png/dddddd/000000');
insert into imagen (idProducto, imagen) values (29, 'http://dummyimage.com/166x100.png/5fa2dd/ffffff');
insert into imagen (idProducto, imagen) values (30, 'http://dummyimage.com/245x100.png/ff4444/ffffff');
insert into imagen (idProducto, imagen) values (31, 'http://dummyimage.com/182x100.png/dddddd/000000');
insert into imagen (idProducto, imagen) values (32, 'http://dummyimage.com/211x100.png/cc0000/ffffff');
insert into imagen (idProducto, imagen) values (33, 'http://dummyimage.com/161x100.png/ff4444/ffffff');
insert into imagen (idProducto, imagen) values (34, 'http://dummyimage.com/224x100.png/dddddd/000000');
insert into imagen (idProducto, imagen) values (35, 'http://dummyimage.com/128x100.png/dddddd/000000');
insert into imagen (idProducto, imagen) values (36, 'http://dummyimage.com/175x100.png/5fa2dd/ffffff');
insert into imagen (idProducto, imagen) values (37, 'http://dummyimage.com/207x100.png/cc0000/ffffff');
insert into imagen (idProducto, imagen) values (38, 'http://dummyimage.com/184x100.png/cc0000/ffffff');
insert into imagen (idProducto, imagen) values (39, 'http://dummyimage.com/237x100.png/5fa2dd/ffffff');
insert into imagen (idProducto, imagen) values (40, 'http://dummyimage.com/160x100.png/ff4444/ffffff');
insert into imagen (idProducto, imagen) values (41, 'http://dummyimage.com/189x100.png/5fa2dd/ffffff');
insert into imagen (idProducto, imagen) values (42, 'http://dummyimage.com/180x100.png/5fa2dd/ffffff');
insert into imagen (idProducto, imagen) values (43, 'http://dummyimage.com/237x100.png/5fa2dd/ffffff');
insert into imagen (idProducto, imagen) values (44, 'http://dummyimage.com/246x100.png/dddddd/000000');
insert into imagen (idProducto, imagen) values (45, 'http://dummyimage.com/149x100.png/cc0000/ffffff');
insert into imagen (idProducto, imagen) values (46, 'http://dummyimage.com/122x100.png/cc0000/ffffff');
insert into imagen (idProducto, imagen) values (47, 'http://dummyimage.com/212x100.png/5fa2dd/ffffff');
insert into imagen (idProducto, imagen) values (48, 'http://dummyimage.com/213x100.png/dddddd/000000');
insert into imagen (idProducto, imagen) values (49, 'http://dummyimage.com/164x100.png/dddddd/000000');
insert into imagen (idProducto, imagen) values (50, 'http://dummyimage.com/233x100.png/ff4444/ffffff');
insert into imagen (idProducto, imagen) values (51, 'http://dummyimage.com/122x100.png/dddddd/000000');
insert into imagen (idProducto, imagen) values (52, 'http://dummyimage.com/226x100.png/dddddd/000000');
insert into imagen (idProducto, imagen) values (53, 'http://dummyimage.com/161x100.png/cc0000/ffffff');
insert into imagen (idProducto, imagen) values (54, 'http://dummyimage.com/130x100.png/dddddd/000000');
insert into imagen (idProducto, imagen) values (55, 'http://dummyimage.com/153x100.png/cc0000/ffffff');
insert into imagen (idProducto, imagen) values (56, 'http://dummyimage.com/142x100.png/ff4444/ffffff');
insert into imagen (idProducto, imagen) values (57, 'http://dummyimage.com/233x100.png/cc0000/ffffff');
insert into imagen (idProducto, imagen) values (58, 'http://dummyimage.com/217x100.png/dddddd/000000');
insert into imagen (idProducto, imagen) values (59, 'http://dummyimage.com/129x100.png/dddddd/000000');
insert into imagen (idProducto, imagen) values (60, 'http://dummyimage.com/194x100.png/ff4444/ffffff');
insert into imagen (idProducto, imagen) values (61, 'http://dummyimage.com/245x100.png/ff4444/ffffff');
insert into imagen (idProducto, imagen) values (62, 'http://dummyimage.com/248x100.png/ff4444/ffffff');
insert into imagen (idProducto, imagen) values (63, 'http://dummyimage.com/185x100.png/dddddd/000000');
insert into imagen (idProducto, imagen) values (64, 'http://dummyimage.com/240x100.png/cc0000/ffffff');
insert into imagen (idProducto, imagen) values (65, 'http://dummyimage.com/205x100.png/cc0000/ffffff');
insert into imagen (idProducto, imagen) values (66, 'http://dummyimage.com/222x100.png/5fa2dd/ffffff');
insert into imagen (idProducto, imagen) values (67, 'http://dummyimage.com/120x100.png/ff4444/ffffff');
insert into imagen (idProducto, imagen) values (68, 'http://dummyimage.com/166x100.png/dddddd/000000');
insert into imagen (idProducto, imagen) values (69, 'http://dummyimage.com/189x100.png/dddddd/000000');
insert into imagen (idProducto, imagen) values (70, 'http://dummyimage.com/140x100.png/5fa2dd/ffffff');
insert into imagen (idProducto, imagen) values (71, 'http://dummyimage.com/104x100.png/dddddd/000000');
insert into imagen (idProducto, imagen) values (72, 'http://dummyimage.com/170x100.png/cc0000/ffffff');
insert into imagen (idProducto, imagen) values (73, 'http://dummyimage.com/217x100.png/cc0000/ffffff');
insert into imagen (idProducto, imagen) values (74, 'http://dummyimage.com/203x100.png/5fa2dd/ffffff');
insert into imagen (idProducto, imagen) values (75, 'http://dummyimage.com/161x100.png/dddddd/000000');
insert into imagen (idProducto, imagen) values (76, 'http://dummyimage.com/163x100.png/5fa2dd/ffffff');
insert into imagen (idProducto, imagen) values (77, 'http://dummyimage.com/115x100.png/5fa2dd/ffffff');
insert into imagen (idProducto, imagen) values (78, 'http://dummyimage.com/178x100.png/5fa2dd/ffffff');
insert into imagen (idProducto, imagen) values (79, 'http://dummyimage.com/223x100.png/dddddd/000000');
insert into imagen (idProducto, imagen) values (80, 'http://dummyimage.com/210x100.png/cc0000/ffffff');
insert into imagen (idProducto, imagen) values (81, 'http://dummyimage.com/220x100.png/5fa2dd/ffffff');
insert into imagen (idProducto, imagen) values (82, 'http://dummyimage.com/206x100.png/dddddd/000000');
insert into imagen (idProducto, imagen) values (83, 'http://dummyimage.com/169x100.png/ff4444/ffffff');
insert into imagen (idProducto, imagen) values (84, 'http://dummyimage.com/244x100.png/dddddd/000000');
insert into imagen (idProducto, imagen) values (85, 'http://dummyimage.com/120x100.png/5fa2dd/ffffff');
insert into imagen (idProducto, imagen) values (86, 'http://dummyimage.com/189x100.png/5fa2dd/ffffff');
insert into imagen (idProducto, imagen) values (87, 'http://dummyimage.com/182x100.png/ff4444/ffffff');
insert into imagen (idProducto, imagen) values (88, 'http://dummyimage.com/150x100.png/dddddd/000000');
insert into imagen (idProducto, imagen) values (89, 'http://dummyimage.com/179x100.png/ff4444/ffffff');
insert into imagen (idProducto, imagen) values (90, 'http://dummyimage.com/218x100.png/ff4444/ffffff');
insert into imagen (idProducto, imagen) values (91, 'http://dummyimage.com/178x100.png/5fa2dd/ffffff');
insert into imagen (idProducto, imagen) values (92, 'http://dummyimage.com/108x100.png/dddddd/000000');
insert into imagen (idProducto, imagen) values (93, 'http://dummyimage.com/130x100.png/cc0000/ffffff');
insert into imagen (idProducto, imagen) values (94, 'http://dummyimage.com/214x100.png/cc0000/ffffff');
insert into imagen (idProducto, imagen) values (95, 'http://dummyimage.com/126x100.png/5fa2dd/ffffff');
insert into imagen (idProducto, imagen) values (96, 'http://dummyimage.com/200x100.png/cc0000/ffffff');
insert into imagen (idProducto, imagen) values (97, 'http://dummyimage.com/134x100.png/ff4444/ffffff');
insert into imagen (idProducto, imagen) values (98, 'http://dummyimage.com/127x100.png/cc0000/ffffff');
insert into imagen (idProducto, imagen) values (99, 'http://dummyimage.com/212x100.png/cc0000/ffffff');
insert into imagen (idProducto, imagen) values (100, 'http://dummyimage.com/135x100.png/5fa2dd/ffffff');
insert into imagen (idProducto, imagen) values (1, 'http://dummyimage.com/143x100.png/5fa2dd/ffffff');
insert into imagen (idProducto, imagen) values (2, 'http://dummyimage.com/225x100.png/5fa2dd/ffffff');
insert into imagen (idProducto, imagen) values (3, 'http://dummyimage.com/217x100.png/dddddd/000000');
insert into imagen (idProducto, imagen) values (4, 'http://dummyimage.com/219x100.png/dddddd/000000');
insert into imagen (idProducto, imagen) values (5, 'http://dummyimage.com/157x100.png/ff4444/ffffff');
insert into imagen (idProducto, imagen) values (6, 'http://dummyimage.com/178x100.png/dddddd/000000');
insert into imagen (idProducto, imagen) values (7, 'http://dummyimage.com/191x100.png/ff4444/ffffff');
insert into imagen (idProducto, imagen) values (8, 'http://dummyimage.com/233x100.png/dddddd/000000');
insert into imagen (idProducto, imagen) values (9, 'http://dummyimage.com/139x100.png/5fa2dd/ffffff');
insert into imagen (idProducto, imagen) values (10, 'http://dummyimage.com/236x100.png/cc0000/ffffff');
insert into imagen (idProducto, imagen) values (11, 'http://dummyimage.com/168x100.png/ff4444/ffffff');
insert into imagen (idProducto, imagen) values (12, 'http://dummyimage.com/247x100.png/cc0000/ffffff');
insert into imagen (idProducto, imagen) values (13, 'http://dummyimage.com/224x100.png/5fa2dd/ffffff');
insert into imagen (idProducto, imagen) values (14, 'http://dummyimage.com/136x100.png/ff4444/ffffff');
insert into imagen (idProducto, imagen) values (15, 'http://dummyimage.com/233x100.png/cc0000/ffffff');
insert into imagen (idProducto, imagen) values (16, 'http://dummyimage.com/242x100.png/cc0000/ffffff');
insert into imagen (idProducto, imagen) values (17, 'http://dummyimage.com/250x100.png/cc0000/ffffff');
insert into imagen (idProducto, imagen) values (18, 'http://dummyimage.com/144x100.png/ff4444/ffffff');
insert into imagen (idProducto, imagen) values (19, 'http://dummyimage.com/219x100.png/5fa2dd/ffffff');
insert into imagen (idProducto, imagen) values (20, 'http://dummyimage.com/205x100.png/cc0000/ffffff');
insert into imagen (idProducto, imagen) values (21, 'http://dummyimage.com/136x100.png/ff4444/ffffff');
insert into imagen (idProducto, imagen) values (22, 'http://dummyimage.com/212x100.png/5fa2dd/ffffff');
insert into imagen (idProducto, imagen) values (23, 'http://dummyimage.com/222x100.png/dddddd/000000');
insert into imagen (idProducto, imagen) values (24, 'http://dummyimage.com/222x100.png/cc0000/ffffff');
insert into imagen (idProducto, imagen) values (25, 'http://dummyimage.com/147x100.png/5fa2dd/ffffff');
insert into imagen (idProducto, imagen) values (26, 'http://dummyimage.com/209x100.png/ff4444/ffffff');
insert into imagen (idProducto, imagen) values (27, 'http://dummyimage.com/229x100.png/cc0000/ffffff');
insert into imagen (idProducto, imagen) values (28, 'http://dummyimage.com/193x100.png/dddddd/000000');
insert into imagen (idProducto, imagen) values (29, 'http://dummyimage.com/116x100.png/5fa2dd/ffffff');
insert into imagen (idProducto, imagen) values (30, 'http://dummyimage.com/243x100.png/5fa2dd/ffffff');
insert into imagen (idProducto, imagen) values (31, 'http://dummyimage.com/167x100.png/dddddd/000000');
insert into imagen (idProducto, imagen) values (32, 'http://dummyimage.com/218x100.png/ff4444/ffffff');
insert into imagen (idProducto, imagen) values (33, 'http://dummyimage.com/153x100.png/5fa2dd/ffffff');
insert into imagen (idProducto, imagen) values (34, 'http://dummyimage.com/233x100.png/dddddd/000000');
insert into imagen (idProducto, imagen) values (35, 'http://dummyimage.com/121x100.png/dddddd/000000');
insert into imagen (idProducto, imagen) values (36, 'http://dummyimage.com/246x100.png/5fa2dd/ffffff');
insert into imagen (idProducto, imagen) values (37, 'http://dummyimage.com/219x100.png/dddddd/000000');
insert into imagen (idProducto, imagen) values (38, 'http://dummyimage.com/187x100.png/5fa2dd/ffffff');
insert into imagen (idProducto, imagen) values (39, 'http://dummyimage.com/154x100.png/5fa2dd/ffffff');
insert into imagen (idProducto, imagen) values (40, 'http://dummyimage.com/144x100.png/cc0000/ffffff');
insert into imagen (idProducto, imagen) values (41, 'http://dummyimage.com/223x100.png/5fa2dd/ffffff');
insert into imagen (idProducto, imagen) values (42, 'http://dummyimage.com/187x100.png/5fa2dd/ffffff');
insert into imagen (idProducto, imagen) values (43, 'http://dummyimage.com/146x100.png/cc0000/ffffff');
insert into imagen (idProducto, imagen) values (44, 'http://dummyimage.com/247x100.png/5fa2dd/ffffff');
insert into imagen (idProducto, imagen) values (45, 'http://dummyimage.com/194x100.png/ff4444/ffffff');
insert into imagen (idProducto, imagen) values (46, 'http://dummyimage.com/139x100.png/5fa2dd/ffffff');
insert into imagen (idProducto, imagen) values (47, 'http://dummyimage.com/147x100.png/5fa2dd/ffffff');
insert into imagen (idProducto, imagen) values (48, 'http://dummyimage.com/183x100.png/ff4444/ffffff');
insert into imagen (idProducto, imagen) values (49, 'http://dummyimage.com/151x100.png/ff4444/ffffff');
insert into imagen (idProducto, imagen) values (50, 'http://dummyimage.com/136x100.png/cc0000/ffffff');
insert into imagen (idProducto, imagen) values (51, 'http://dummyimage.com/196x100.png/dddddd/000000');
insert into imagen (idProducto, imagen) values (52, 'http://dummyimage.com/130x100.png/dddddd/000000');
insert into imagen (idProducto, imagen) values (53, 'http://dummyimage.com/153x100.png/5fa2dd/ffffff');
insert into imagen (idProducto, imagen) values (54, 'http://dummyimage.com/174x100.png/5fa2dd/ffffff');
insert into imagen (idProducto, imagen) values (55, 'http://dummyimage.com/151x100.png/5fa2dd/ffffff');
insert into imagen (idProducto, imagen) values (56, 'http://dummyimage.com/220x100.png/dddddd/000000');
insert into imagen (idProducto, imagen) values (57, 'http://dummyimage.com/141x100.png/cc0000/ffffff');
insert into imagen (idProducto, imagen) values (58, 'http://dummyimage.com/137x100.png/cc0000/ffffff');
insert into imagen (idProducto, imagen) values (59, 'http://dummyimage.com/228x100.png/ff4444/ffffff');
insert into imagen (idProducto, imagen) values (60, 'http://dummyimage.com/123x100.png/cc0000/ffffff');
insert into imagen (idProducto, imagen) values (61, 'http://dummyimage.com/192x100.png/cc0000/ffffff');
insert into imagen (idProducto, imagen) values (62, 'http://dummyimage.com/177x100.png/5fa2dd/ffffff');
insert into imagen (idProducto, imagen) values (63, 'http://dummyimage.com/102x100.png/dddddd/000000');
insert into imagen (idProducto, imagen) values (64, 'http://dummyimage.com/143x100.png/dddddd/000000');
insert into imagen (idProducto, imagen) values (65, 'http://dummyimage.com/244x100.png/ff4444/ffffff');
insert into imagen (idProducto, imagen) values (66, 'http://dummyimage.com/155x100.png/dddddd/000000');
insert into imagen (idProducto, imagen) values (67, 'http://dummyimage.com/199x100.png/cc0000/ffffff');
insert into imagen (idProducto, imagen) values (68, 'http://dummyimage.com/185x100.png/5fa2dd/ffffff');
insert into imagen (idProducto, imagen) values (69, 'http://dummyimage.com/182x100.png/dddddd/000000');
insert into imagen (idProducto, imagen) values (70, 'http://dummyimage.com/231x100.png/dddddd/000000');
insert into imagen (idProducto, imagen) values (71, 'http://dummyimage.com/134x100.png/5fa2dd/ffffff');
insert into imagen (idProducto, imagen) values (72, 'http://dummyimage.com/163x100.png/dddddd/000000');
insert into imagen (idProducto, imagen) values (73, 'http://dummyimage.com/164x100.png/dddddd/000000');
insert into imagen (idProducto, imagen) values (74, 'http://dummyimage.com/131x100.png/5fa2dd/ffffff');
insert into imagen (idProducto, imagen) values (75, 'http://dummyimage.com/236x100.png/cc0000/ffffff');
insert into imagen (idProducto, imagen) values (76, 'http://dummyimage.com/131x100.png/5fa2dd/ffffff');
insert into imagen (idProducto, imagen) values (77, 'http://dummyimage.com/116x100.png/dddddd/000000');
insert into imagen (idProducto, imagen) values (78, 'http://dummyimage.com/190x100.png/dddddd/000000');
insert into imagen (idProducto, imagen) values (79, 'http://dummyimage.com/148x100.png/5fa2dd/ffffff');
insert into imagen (idProducto, imagen) values (80, 'http://dummyimage.com/127x100.png/5fa2dd/ffffff');
insert into imagen (idProducto, imagen) values (81, 'http://dummyimage.com/187x100.png/ff4444/ffffff');
insert into imagen (idProducto, imagen) values (82, 'http://dummyimage.com/132x100.png/dddddd/000000');
insert into imagen (idProducto, imagen) values (83, 'http://dummyimage.com/247x100.png/cc0000/ffffff');
insert into imagen (idProducto, imagen) values (84, 'http://dummyimage.com/205x100.png/dddddd/000000');
insert into imagen (idProducto, imagen) values (85, 'http://dummyimage.com/196x100.png/cc0000/ffffff');
insert into imagen (idProducto, imagen) values (86, 'http://dummyimage.com/116x100.png/5fa2dd/ffffff');
insert into imagen (idProducto, imagen) values (87, 'http://dummyimage.com/194x100.png/cc0000/ffffff');
insert into imagen (idProducto, imagen) values (88, 'http://dummyimage.com/222x100.png/cc0000/ffffff');
insert into imagen (idProducto, imagen) values (89, 'http://dummyimage.com/129x100.png/cc0000/ffffff');
insert into imagen (idProducto, imagen) values (90, 'http://dummyimage.com/175x100.png/ff4444/ffffff');
insert into imagen (idProducto, imagen) values (91, 'http://dummyimage.com/230x100.png/ff4444/ffffff');
insert into imagen (idProducto, imagen) values (92, 'http://dummyimage.com/128x100.png/5fa2dd/ffffff');
insert into imagen (idProducto, imagen) values (93, 'http://dummyimage.com/193x100.png/cc0000/ffffff');
insert into imagen (idProducto, imagen) values (94, 'http://dummyimage.com/249x100.png/5fa2dd/ffffff');
insert into imagen (idProducto, imagen) values (95, 'http://dummyimage.com/185x100.png/ff4444/ffffff');
insert into imagen (idProducto, imagen) values (96, 'http://dummyimage.com/101x100.png/5fa2dd/ffffff');
insert into imagen (idProducto, imagen) values (97, 'http://dummyimage.com/190x100.png/cc0000/ffffff');
insert into imagen (idProducto, imagen) values (98, 'http://dummyimage.com/101x100.png/ff4444/ffffff');
insert into imagen (idProducto, imagen) values (99, 'http://dummyimage.com/188x100.png/cc0000/ffffff');
insert into imagen (idProducto, imagen) values (100, 'http://dummyimage.com/190x100.png/5fa2dd/ffffff');
insert into categoria (idProducto, categoria) values (1, 'pellentesque');
insert into categoria (idProducto, categoria) values (2, 'natoque penatibus');
insert into categoria (idProducto, categoria) values (3, 'duis mattis');
insert into categoria (idProducto, categoria) values (4, 'ultrices posuere');
insert into categoria (idProducto, categoria) values (5, 'sit');
insert into categoria (idProducto, categoria) values (6, 'lectus vestibulum');
insert into categoria (idProducto, categoria) values (7, 'duis ac');
insert into categoria (idProducto, categoria) values (8, 'vivamus vestibulum');
insert into categoria (idProducto, categoria) values (9, 'non');
insert into categoria (idProducto, categoria) values (10, 'feugiat non');
insert into categoria (idProducto, categoria) values (11, 'semper');
insert into categoria (idProducto, categoria) values (12, 'pretium iaculis');
insert into categoria (idProducto, categoria) values (13, 'in');
insert into categoria (idProducto, categoria) values (14, 'cubilia');
insert into categoria (idProducto, categoria) values (15, 'lorem ipsum');
insert into categoria (idProducto, categoria) values (16, 'praesent id');
insert into categoria (idProducto, categoria) values (17, 'nisl duis');
insert into categoria (idProducto, categoria) values (18, 'feugiat non');
insert into categoria (idProducto, categoria) values (19, 'orci nullam');
insert into categoria (idProducto, categoria) values (20, 'hac habitasse');
insert into categoria (idProducto, categoria) values (21, 'rutrum nulla');
insert into categoria (idProducto, categoria) values (22, 'faucibus orci');
insert into categoria (idProducto, categoria) values (23, 'in sagittis');
insert into categoria (idProducto, categoria) values (24, 'lectus in');
insert into categoria (idProducto, categoria) values (25, 'sit amet');
insert into categoria (idProducto, categoria) values (26, 'ut');
insert into categoria (idProducto, categoria) values (27, 'luctus et');
insert into categoria (idProducto, categoria) values (28, 'sodales');
insert into categoria (idProducto, categoria) values (29, 'tempus');
insert into categoria (idProducto, categoria) values (30, 'volutpat sapien');
insert into categoria (idProducto, categoria) values (31, 'euismod scelerisque');
insert into categoria (idProducto, categoria) values (32, 'lacinia nisi');
insert into categoria (idProducto, categoria) values (33, 'pellentesque quisque');
insert into categoria (idProducto, categoria) values (34, 'quam');
insert into categoria (idProducto, categoria) values (35, 'quisque');
insert into categoria (idProducto, categoria) values (36, 'semper');
insert into categoria (idProducto, categoria) values (37, 'eget');
insert into categoria (idProducto, categoria) values (38, 'condimentum');
insert into categoria (idProducto, categoria) values (39, 'pede');
insert into categoria (idProducto, categoria) values (40, 'magna ac');
insert into categoria (idProducto, categoria) values (41, 'dui vel');
insert into categoria (idProducto, categoria) values (42, 'ligula in');
insert into categoria (idProducto, categoria) values (43, 'eu');
insert into categoria (idProducto, categoria) values (44, 'volutpat eleifend');
insert into categoria (idProducto, categoria) values (45, 'congue');
insert into categoria (idProducto, categoria) values (46, 'blandit');
insert into categoria (idProducto, categoria) values (47, 'nec');
insert into categoria (idProducto, categoria) values (48, 'rutrum nulla');
insert into categoria (idProducto, categoria) values (49, 'elementum pellentesque');
insert into categoria (idProducto, categoria) values (50, 'est quam');
insert into categoria (idProducto, categoria) values (51, 'nulla sed');
insert into categoria (idProducto, categoria) values (52, 'magna vestibulum');
insert into categoria (idProducto, categoria) values (53, 'pretium iaculis');
insert into categoria (idProducto, categoria) values (54, 'in felis');
insert into categoria (idProducto, categoria) values (55, 'sem duis');
insert into categoria (idProducto, categoria) values (56, 'sapien');
insert into categoria (idProducto, categoria) values (57, 'lacinia eget');
insert into categoria (idProducto, categoria) values (58, 'nec nisi');
insert into categoria (idProducto, categoria) values (59, 'id');
insert into categoria (idProducto, categoria) values (60, 'convallis');
insert into categoria (idProducto, categoria) values (61, 'ultrices phasellus');
insert into categoria (idProducto, categoria) values (62, 'erat');
insert into categoria (idProducto, categoria) values (63, 'amet');
insert into categoria (idProducto, categoria) values (64, 'turpis');
insert into categoria (idProducto, categoria) values (65, 'non');
insert into categoria (idProducto, categoria) values (66, 'turpis');
insert into categoria (idProducto, categoria) values (67, 'ut volutpat');
insert into categoria (idProducto, categoria) values (68, 'justo');
insert into categoria (idProducto, categoria) values (69, 'quis orci');
insert into categoria (idProducto, categoria) values (70, 'nulla');
insert into categoria (idProducto, categoria) values (71, 'in sagittis');
insert into categoria (idProducto, categoria) values (72, 'vivamus vestibulum');
insert into categoria (idProducto, categoria) values (73, 'aliquam');
insert into categoria (idProducto, categoria) values (74, 'velit');
insert into categoria (idProducto, categoria) values (75, 'odio');
insert into categoria (idProducto, categoria) values (76, 'nulla');
insert into categoria (idProducto, categoria) values (77, 'euismod scelerisque');
insert into categoria (idProducto, categoria) values (78, 'ut');
insert into categoria (idProducto, categoria) values (79, 'fermentum');
insert into categoria (idProducto, categoria) values (80, 'elementum');
insert into categoria (idProducto, categoria) values (81, 'ridiculus');
insert into categoria (idProducto, categoria) values (82, 'eu tincidunt');
insert into categoria (idProducto, categoria) values (83, 'laoreet ut');
insert into categoria (idProducto, categoria) values (84, 'sit');
insert into categoria (idProducto, categoria) values (85, 'amet erat');
insert into categoria (idProducto, categoria) values (86, 'eros');
insert into categoria (idProducto, categoria) values (87, 'ridiculus mus');
insert into categoria (idProducto, categoria) values (88, 'rutrum rutrum');
insert into categoria (idProducto, categoria) values (89, 'nec dui');
insert into categoria (idProducto, categoria) values (90, 'sit amet');
insert into categoria (idProducto, categoria) values (91, 'montes');
insert into categoria (idProducto, categoria) values (92, 'pede');
insert into categoria (idProducto, categoria) values (93, 'pellentesque quisque');
insert into categoria (idProducto, categoria) values (94, 'interdum');
insert into categoria (idProducto, categoria) values (95, 'tempus semper');
insert into categoria (idProducto, categoria) values (96, 'in');
insert into categoria (idProducto, categoria) values (97, 'sollicitudin');
insert into categoria (idProducto, categoria) values (98, 'amet');
insert into categoria (idProducto, categoria) values (99, 'interdum mauris');
insert into categoria (idProducto, categoria) values (100, 'ut');
insert into comprador (correo, nombre, telefono, contrasenia) values ('jbillanie0@google.ru', 'Joellyn', '5979610830', 'Ti4wBrUplrQ');
insert into comprador (correo, nombre, telefono, contrasenia) values ('dballaam1@economist.com', 'Deedee', '8802566675', 'wgtxRboetns');
insert into comprador (correo, nombre, telefono, contrasenia) values ('dspadazzi2@wsj.com', 'Dolores', '2557758986', 'hrVasad');
insert into comprador (correo, nombre, telefono, contrasenia) values ('mapplegate3@artisteer.com', 'Madella', '7194896466', 'vu66erwgcyH');
insert into comprador (correo, nombre, telefono, contrasenia) values ('gcatford4@hp.com', 'Gabriella', '4846243578', 'qbFbx4Sx');
insert into comprador (correo, nombre, telefono, contrasenia) values ('lmcmurraya5@sina.com.cn', 'Leese', '5855518010', 'tDxHfau');
insert into comprador (correo, nombre, telefono, contrasenia) values ('aspurr6@mashable.com', 'Amelita', '1897626886', 'odMoUk');
insert into comprador (correo, nombre, telefono, contrasenia) values ('rbalazs7@list-manage.com', 'Roxine', '5595810697', 'g6nlGSGS');
insert into comprador (correo, nombre, telefono, contrasenia) values ('jmarling8@bbb.org', 'Joelie', '5275896279', 'ySQKLnfFubUE');
insert into comprador (correo, nombre, telefono, contrasenia) values ('jfevers9@webs.com', 'Jonie', '6049491746', 'FGyZS6G');
insert into comprador (correo, nombre, telefono, contrasenia) values ('tgillana@marriott.com', 'Tansy', '5954298337', '9A8EaXprfgT');
insert into comprador (correo, nombre, telefono, contrasenia) values ('gczyzb@weebly.com', 'Gabbey', '2887046502', 'bqgaFN');
insert into comprador (correo, nombre, telefono, contrasenia) values ('pjasperc@ow.ly', 'Paolina', '5992033101', 'TN2Chn74X');
insert into comprador (correo, nombre, telefono, contrasenia) values ('fwillmettd@chron.com', 'Fleur', '5524555349', 'bGokk7s8v');
insert into comprador (correo, nombre, telefono, contrasenia) values ('mswannee@flavors.me', 'Milicent', '6781654245', 'lGDdpzBqfs');
insert into comprador (correo, nombre, telefono, contrasenia) values ('wdayerf@wikipedia.org', 'Wendi', '9556034959', 'prQhxIP2r');
insert into comprador (correo, nombre, telefono, contrasenia) values ('hsimondg@linkedin.com', 'Holly-anne', '7195212611', 'AteyKHAqXyTk');
insert into comprador (correo, nombre, telefono, contrasenia) values ('acrannh@booking.com', 'Amabel', '7237720531', 'albpnMg4A8');
insert into comprador (correo, nombre, telefono, contrasenia) values ('kcatchersidei@wiley.com', 'Kathe', '7045166270', 'O4XoTo9OQ');
insert into comprador (correo, nombre, telefono, contrasenia) values ('ghaskellj@spiegel.de', 'Gustie', '5788030528', 'wxIBJueA');
insert into comprador (correo, nombre, telefono, contrasenia) values ('jspellmank@state.gov', 'Juliana', '7776449427', 'QbA4nLPOxKm');
insert into comprador (correo, nombre, telefono, contrasenia) values ('gfeitosal@zdnet.com', 'Gaylene', '4067603088', 'cVs7SJG');
insert into comprador (correo, nombre, telefono, contrasenia) values ('msillism@discuz.net', 'Mireille', '8464407715', 'BDHjw6QkbZ1h');
insert into comprador (correo, nombre, telefono, contrasenia) values ('nbuntinen@usnews.com', 'Nanci', '1665057490', '2guAxj3');
insert into comprador (correo, nombre, telefono, contrasenia) values ('mbrownsmitho@storify.com', 'Miriam', '7188268462', 'rYa47x2x6oN');
insert into comprador (correo, nombre, telefono, contrasenia) values ('lusmarp@senate.gov', 'Linnet', '2623693079', '1hnL6uCutk8');
insert into comprador (correo, nombre, telefono, contrasenia) values ('atomlinsonq@ca.gov', 'Amara', '8793083453', 'XCRafP');
insert into comprador (correo, nombre, telefono, contrasenia) values ('crobottomr@marriott.com', 'Carley', '5597911115', 'T4cVmfbD');
insert into comprador (correo, nombre, telefono, contrasenia) values ('lwildbores@paginegialle.it', 'Laverne', '7632949569', 'PRLmbBXzfiYq');
insert into comprador (correo, nombre, telefono, contrasenia) values ('mornelest@unblog.fr', 'Mame', '5323790127', 'LyaWWdbBb');
insert into comprador (correo, nombre, telefono, contrasenia) values ('kfancuttu@skype.com', 'Kari', '2118815932', 'NHG9NYu6');
insert into comprador (correo, nombre, telefono, contrasenia) values ('ahaggerwoodv@earthlink.net', 'Arda', '6791966145', 'axQEODWhS8');
insert into comprador (correo, nombre, telefono, contrasenia) values ('iparsonsw@amazon.co.jp', 'Idell', '1843591891', '9I89Fh');
insert into comprador (correo, nombre, telefono, contrasenia) values ('lleguinx@mediafire.com', 'Lucia', '8259550813', 'oIFCUuusQcr');
insert into comprador (correo, nombre, telefono, contrasenia) values ('ageffeny@blog.com', 'Ashly', '9064245763', 'DWLWKADtR');
insert into comprador (correo, nombre, telefono, contrasenia) values ('glaudhamz@admin.ch', 'Gweneth', '2091703597', 'xt5qWBQTzW');
insert into comprador (correo, nombre, telefono, contrasenia) values ('adillingston10@ebay.com', 'Alleen', '6423513351', 'WFUUao8oOm1x');
insert into comprador (correo, nombre, telefono, contrasenia) values ('bgaymer11@cnet.com', 'Birdie', '7912820621', 'TNhLwLTtse');
insert into comprador (correo, nombre, telefono, contrasenia) values ('dcearley12@barnesandnoble.com', 'Danny', '9653023813', 'OtYBiLWWd');
insert into comprador (correo, nombre, telefono, contrasenia) values ('porta13@fda.gov', 'Peria', '1081184551', 'gdOlb8eq3Qt9');
insert into comprador (correo, nombre, telefono, contrasenia) values ('ccharlon14@boston.com', 'Catlee', '4392172553', 'Fg5GHa');
insert into comprador (correo, nombre, telefono, contrasenia) values ('ebrithman15@wsj.com', 'Elmira', '4068935348', 'HVxith');
insert into comprador (correo, nombre, telefono, contrasenia) values ('wgillies16@vistaprint.com', 'Willetta', '9601573044', 'h82kb1BFH');
insert into comprador (correo, nombre, telefono, contrasenia) values ('bquinsee17@disqus.com', 'Bobbye', '2064329148', 'eC7JW6r');
insert into comprador (correo, nombre, telefono, contrasenia) values ('glidgley18@dyndns.org', 'Geraldine', '5267599741', 'UzopW3Gg');
insert into comprador (correo, nombre, telefono, contrasenia) values ('ebraund19@mysql.com', 'Evvie', '9427198196', 'akmPVHTc');
insert into comprador (correo, nombre, telefono, contrasenia) values ('kchuter1a@amazonaws.com', 'Kass', '2914413315', 'kt4MZep');
insert into comprador (correo, nombre, telefono, contrasenia) values ('rbarnbrook1b@businessweek.com', 'Rikki', '8108495484', 'pKc1nlpmYa');
insert into comprador (correo, nombre, telefono, contrasenia) values ('tkilmister1c@exblog.jp', 'Tammara', '5018245536', 'avtWoOC');
insert into comprador (correo, nombre, telefono, contrasenia) values ('lpeploe1d@nytimes.com', 'Lita', '4531407039', 'cK5zXzKOC');
insert into comprador (correo, nombre, telefono, contrasenia) values ('hplett1e@clickbank.net', 'Halette', '7141590072', 'ir1QCYL');
insert into comprador (correo, nombre, telefono, contrasenia) values ('cverralls1f@techcrunch.com', 'Cybill', '1529977023', 'oEr0aCt0');
insert into comprador (correo, nombre, telefono, contrasenia) values ('rtillyer1g@ow.ly', 'Rivkah', '2397396122', 'rHjJ0fe');
insert into comprador (correo, nombre, telefono, contrasenia) values ('bcholdcroft1h@nih.gov', 'Barbie', '9599170733', 'iLCGThIM');
insert into comprador (correo, nombre, telefono, contrasenia) values ('lplimmer1i@independent.co.uk', 'Luisa', '7565531888', 'RKyhFgYxx0Xe');
insert into comprador (correo, nombre, telefono, contrasenia) values ('ldyche1j@dyndns.org', 'Lela', '2469419737', 'ESRXnyYL');
insert into comprador (correo, nombre, telefono, contrasenia) values ('abeardon1k@wikipedia.org', 'Ardenia', '7841476551', 'eSib4jGDPtX');
insert into comprador (correo, nombre, telefono, contrasenia) values ('nroust1l@ucla.edu', 'Nerita', '1939912226', 'frWrZo0bc');
insert into comprador (correo, nombre, telefono, contrasenia) values ('eleyninye1m@disqus.com', 'Emiline', '7514094995', 'FzARvQtPoAKH');
insert into comprador (correo, nombre, telefono, contrasenia) values ('vhospital1n@prnewswire.com', 'Veronica', '8925347806', 'AAOC1la8IGzS');
insert into comprador (correo, nombre, telefono, contrasenia) values ('lphilbin1o@tripod.com', 'Loella', '9579525532', 'h3tiY3Rb');
insert into comprador (correo, nombre, telefono, contrasenia) values ('ahackforth1p@last.fm', 'Adelind', '1813846054', 'vPP9B1B5MDL8');
insert into comprador (correo, nombre, telefono, contrasenia) values ('ldunnico1q@foxnews.com', 'Loria', '9601991734', 'LziKbmkNlRxR');
insert into comprador (correo, nombre, telefono, contrasenia) values ('sbossom1r@purevolume.com', 'Sophie', '6635714339', 'aiBUWJVlBEf7');
insert into comprador (correo, nombre, telefono, contrasenia) values ('ldreinan1s@artisteer.com', 'Latisha', '1395027399', 'DKvzrGn');
insert into comprador (correo, nombre, telefono, contrasenia) values ('dkieff1t@pen.io', 'Denys', '2445169492', 'F6N2nyTRubYC');
insert into comprador (correo, nombre, telefono, contrasenia) values ('lsedgemond1u@abc.net.au', 'Lucia', '1929955378', 'PKn1wGnxCQbD');
insert into comprador (correo, nombre, telefono, contrasenia) values ('nbach1v@plala.or.jp', 'Nanete', '1714335838', 'mWX06E');
insert into comprador (correo, nombre, telefono, contrasenia) values ('zogilvie1w@ezinearticles.com', 'Zorana', '3313472670', 'NQhi6nJD');
insert into comprador (correo, nombre, telefono, contrasenia) values ('tmatteini1x@oracle.com', 'Tommie', '5144428467', 'OrxA4whlUQ');
insert into comprador (correo, nombre, telefono, contrasenia) values ('rnerval1y@etsy.com', 'Rubetta', '1615511603', 'HsLCSJX');
insert into comprador (correo, nombre, telefono, contrasenia) values ('mgreenshields1z@wikimedia.org', 'Mallory', '2634032371', 'KebfYST');
insert into comprador (correo, nombre, telefono, contrasenia) values ('kpickin20@mit.edu', 'Kary', '2758599641', 'b5A2Ls');
insert into comprador (correo, nombre, telefono, contrasenia) values ('nbartak21@goodreads.com', 'Nanny', '4412122253', 'msLEQu');
insert into comprador (correo, nombre, telefono, contrasenia) values ('icarsberg22@pen.io', 'Ingeborg', '4173062605', 'KPZxv5lI');
insert into comprador (correo, nombre, telefono, contrasenia) values ('cdiprose23@google.com.hk', 'Costanza', '2253889339', 'eslVY6efBu');
insert into comprador (correo, nombre, telefono, contrasenia) values ('abannerman24@ning.com', 'Aloise', '4382729111', 'OlwC7z');
insert into comprador (correo, nombre, telefono, contrasenia) values ('ceastwell25@studiopress.com', 'Cassie', '1411088696', 'IfBu5bp3');
insert into comprador (correo, nombre, telefono, contrasenia) values ('jbarnsley26@exblog.jp', 'Josephine', '5105010259', 'S78W5rf');
insert into comprador (correo, nombre, telefono, contrasenia) values ('iwellwood27@networksolutions.com', 'Idalina', '8191966929', 'eUhGaWvaa');
insert into comprador (correo, nombre, telefono, contrasenia) values ('vshovlar28@berkeley.edu', 'Vinnie', '6992867557', 'YPJ8SX35');
insert into comprador (correo, nombre, telefono, contrasenia) values ('emclise29@photobucket.com', 'Eddi', '9346334597', 'Mj8aCecPnW');
insert into comprador (correo, nombre, telefono, contrasenia) values ('edawber2a@wired.com', 'Enid', '3141999495', '1ywnpNC');
insert into comprador (correo, nombre, telefono, contrasenia) values ('gwallwood2b@dmoz.org', 'Georgeanne', '8079846726', 'u0sSwhk');
insert into comprador (correo, nombre, telefono, contrasenia) values ('bburkinshaw2c@miitbeian.gov.cn', 'Brietta', '2424890417', '5GEWCjY');
insert into comprador (correo, nombre, telefono, contrasenia) values ('tcodrington2d@cmu.edu', 'Tarah', '2672700060', 'pliuLlUY');
insert into comprador (correo, nombre, telefono, contrasenia) values ('dcearley2e@nsw.gov.au', 'Deedee', '2719701441', 'T8s5VSOKJ');
insert into comprador (correo, nombre, telefono, contrasenia) values ('sworcester2f@gmpg.org', 'Sydel', '1731438824', 'bR19Qe');
insert into comprador (correo, nombre, telefono, contrasenia) values ('dfarnill2g@smh.com.au', 'Darrelle', '8699408994', 'E8uYif');
insert into comprador (correo, nombre, telefono, contrasenia) values ('kmadelin2h@timesonline.co.uk', 'Kaja', '6382573768', '3K0P8WLq');
insert into comprador (correo, nombre, telefono, contrasenia) values ('rhearsum2i@shop-pro.jp', 'Regine', '2899503220', '7CRtoNs');
insert into comprador (correo, nombre, telefono, contrasenia) values ('skermeen2j@usgs.gov', 'Siobhan', '9186615001', 'WXxTc0aF7l');
insert into comprador (correo, nombre, telefono, contrasenia) values ('cbernlin2k@squarespace.com', 'Crystie', '5208449954', 'lmXc2V');
insert into comprador (correo, nombre, telefono, contrasenia) values ('rwardlow2l@clickbank.net', 'Rycca', '8593725215', '4OWynJ1V');
insert into comprador (correo, nombre, telefono, contrasenia) values ('ablown2m@tripadvisor.com', 'Alvinia', '3115506304', 'PNY7u1k9');
insert into comprador (correo, nombre, telefono, contrasenia) values ('awalbridge2n@sfgate.com', 'Alyss', '1597650744', 'UPseYaljS8');
insert into comprador (correo, nombre, telefono, contrasenia) values ('jiscowitz2o@howstuffworks.com', 'Johnath', '5189028130', 'hhjLyAOUwDLR');
insert into comprador (correo, nombre, telefono, contrasenia) values ('dpalin2p@livejournal.com', 'Damita', '6491979539', 'deJqk5qbku');
insert into comprador (correo, nombre, telefono, contrasenia) values ('kkaminski2q@goo.ne.jp', 'Kari', '5208344900', 'gIIeAw');
insert into comprador (correo, nombre, telefono, contrasenia) values ('mmcjerrow2r@jigsy.com', 'Mallorie', '7931338518', 'wrH3xQM');
insert into direccionComprador (correo, estado, ciudad, colonia, cp, calle, numero) values ('jbillanie0@google.ru', 'California', 'San Diego', 'CA', '92196', 'Point', '6');
insert into direccionComprador (correo, estado, ciudad, colonia, cp, calle, numero) values ('dballaam1@economist.com', 'North Carolina', 'Raleigh', 'NC', '27621', 'Park', '81186');
insert into direccionComprador (correo, estado, ciudad, colonia, cp, calle, numero) values ('dspadazzi2@wsj.com', 'Nebraska', 'Omaha', 'NE', '68110', 'Hill', '803');
insert into direccionComprador (correo, estado, ciudad, colonia, cp, calle, numero) values ('mapplegate3@artisteer.com', 'Virginia', 'Richmond', 'VA', '23293', 'Park', '699');
insert into direccionComprador (correo, estado, ciudad, colonia, cp, calle, numero) values ('gcatford4@hp.com', 'Iowa', 'Cedar Rapids', 'IA', '52410', 'Junction', '40');
insert into direccionComprador (correo, estado, ciudad, colonia, cp, calle, numero) values ('lmcmurraya5@sina.com.cn', 'Connecticut', 'Stamford', 'CT', '06922', 'Road', '55');
insert into direccionComprador (correo, estado, ciudad, colonia, cp, calle, numero) values ('aspurr6@mashable.com', 'District of Columbia', 'Washington', 'DC', '20535', 'Crossing', '91365');
insert into direccionComprador (correo, estado, ciudad, colonia, cp, calle, numero) values ('rbalazs7@list-manage.com', 'Connecticut', 'New Haven', 'CT', '06520', 'Pass', '3093');
insert into direccionComprador (correo, estado, ciudad, colonia, cp, calle, numero) values ('jmarling8@bbb.org', 'Florida', 'Pensacola', 'FL', '32511', 'Center', '5601');
insert into direccionComprador (correo, estado, ciudad, colonia, cp, calle, numero) values ('jfevers9@webs.com', 'Maryland', 'Baltimore', 'MD', '21265', 'Hill', '1');
insert into direccionComprador (correo, estado, ciudad, colonia, cp, calle, numero) values ('tgillana@marriott.com', 'Florida', 'Pensacola', 'FL', '32505', 'Parkway', '426');
insert into direccionComprador (correo, estado, ciudad, colonia, cp, calle, numero) values ('gczyzb@weebly.com', 'Arizona', 'Mesa', 'AZ', '85210', 'Plaza', '6');
insert into direccionComprador (correo, estado, ciudad, colonia, cp, calle, numero) values ('pjasperc@ow.ly', 'Minnesota', 'Saint Paul', 'MN', '55172', 'Trail', '516');
insert into direccionComprador (correo, estado, ciudad, colonia, cp, calle, numero) values ('fwillmettd@chron.com', 'Utah', 'Salt Lake City', 'UT', '84152', 'Center', '77');
insert into direccionComprador (correo, estado, ciudad, colonia, cp, calle, numero) values ('mswannee@flavors.me', 'California', 'San Francisco', 'CA', '94116', 'Circle', '96175');
insert into direccionComprador (correo, estado, ciudad, colonia, cp, calle, numero) values ('wdayerf@wikipedia.org', 'California', 'San Diego', 'CA', '92105', 'Hill', '5663');
insert into direccionComprador (correo, estado, ciudad, colonia, cp, calle, numero) values ('hsimondg@linkedin.com', 'Texas', 'Austin', 'TX', '78764', 'Park', '64');
insert into direccionComprador (correo, estado, ciudad, colonia, cp, calle, numero) values ('acrannh@booking.com', 'Florida', 'Lake Worth', 'FL', '33462', 'Drive', '44');
insert into direccionComprador (correo, estado, ciudad, colonia, cp, calle, numero) values ('kcatchersidei@wiley.com', 'Alabama', 'Montgomery', 'AL', '36177', 'Street', '423');
insert into direccionComprador (correo, estado, ciudad, colonia, cp, calle, numero) values ('ghaskellj@spiegel.de', 'Texas', 'Houston', 'TX', '77055', 'Lane', '63');
insert into direccionComprador (correo, estado, ciudad, colonia, cp, calle, numero) values ('jspellmank@state.gov', 'Georgia', 'Duluth', 'GA', '30195', 'Lane', '3');
insert into direccionComprador (correo, estado, ciudad, colonia, cp, calle, numero) values ('gfeitosal@zdnet.com', 'Virginia', 'Virginia Beach', 'VA', '23454', 'Avenue', '30');
insert into direccionComprador (correo, estado, ciudad, colonia, cp, calle, numero) values ('msillism@discuz.net', 'Pennsylvania', 'Pittsburgh', 'PA', '15235', 'Hill', '040');
insert into direccionComprador (correo, estado, ciudad, colonia, cp, calle, numero) values ('nbuntinen@usnews.com', 'New York', 'Mount Vernon', 'NY', '10557', 'Street', '13');
insert into direccionComprador (correo, estado, ciudad, colonia, cp, calle, numero) values ('mbrownsmitho@storify.com', 'Indiana', 'Fort Wayne', 'IN', '46857', 'Way', '292');
insert into direccionComprador (correo, estado, ciudad, colonia, cp, calle, numero) values ('lusmarp@senate.gov', 'Virginia', 'Merrifield', 'VA', '22119', 'Plaza', '898');
insert into direccionComprador (correo, estado, ciudad, colonia, cp, calle, numero) values ('atomlinsonq@ca.gov', 'Florida', 'Miami', 'FL', '33164', 'Lane', '19983');
insert into direccionComprador (correo, estado, ciudad, colonia, cp, calle, numero) values ('crobottomr@marriott.com', 'Ohio', 'Akron', 'OH', '44305', 'Hill', '4');
insert into direccionComprador (correo, estado, ciudad, colonia, cp, calle, numero) values ('lwildbores@paginegialle.it', 'Alabama', 'Birmingham', 'AL', '35290', 'Crossing', '727');
insert into direccionComprador (correo, estado, ciudad, colonia, cp, calle, numero) values ('mornelest@unblog.fr', 'Florida', 'Jacksonville', 'FL', '32215', 'Terrace', '855');
insert into direccionComprador (correo, estado, ciudad, colonia, cp, calle, numero) values ('kfancuttu@skype.com', 'Texas', 'Houston', 'TX', '77260', 'Hill', '9');
insert into direccionComprador (correo, estado, ciudad, colonia, cp, calle, numero) values ('ahaggerwoodv@earthlink.net', 'Florida', 'Orlando', 'FL', '32825', 'Parkway', '4768');
insert into direccionComprador (correo, estado, ciudad, colonia, cp, calle, numero) values ('iparsonsw@amazon.co.jp', 'Florida', 'Delray Beach', 'FL', '33448', 'Street', '6');
insert into direccionComprador (correo, estado, ciudad, colonia, cp, calle, numero) values ('lleguinx@mediafire.com', 'Texas', 'Fort Worth', 'TX', '76121', 'Plaza', '144');
insert into direccionComprador (correo, estado, ciudad, colonia, cp, calle, numero) values ('ageffeny@blog.com', 'Texas', 'Lubbock', 'TX', '79405', 'Way', '32888');
insert into direccionComprador (correo, estado, ciudad, colonia, cp, calle, numero) values ('glaudhamz@admin.ch', 'Alabama', 'Tuscaloosa', 'AL', '35487', 'Terrace', '221');
insert into direccionComprador (correo, estado, ciudad, colonia, cp, calle, numero) values ('adillingston10@ebay.com', 'Alabama', 'Birmingham', 'AL', '35295', 'Drive', '140');
insert into direccionComprador (correo, estado, ciudad, colonia, cp, calle, numero) values ('bgaymer11@cnet.com', 'Iowa', 'Sioux City', 'IA', '51105', 'Crossing', '4');
insert into direccionComprador (correo, estado, ciudad, colonia, cp, calle, numero) values ('dcearley12@barnesandnoble.com', 'Texas', 'El Paso', 'TX', '88579', 'Park', '89');
insert into direccionComprador (correo, estado, ciudad, colonia, cp, calle, numero) values ('porta13@fda.gov', 'New York', 'New York City', 'NY', '10280', 'Junction', '93');
insert into direccionComprador (correo, estado, ciudad, colonia, cp, calle, numero) values ('ccharlon14@boston.com', 'Texas', 'Garland', 'TX', '75049', 'Place', '75');
insert into direccionComprador (correo, estado, ciudad, colonia, cp, calle, numero) values ('ebrithman15@wsj.com', 'California', 'Anaheim', 'CA', '92825', 'Court', '77815');
insert into direccionComprador (correo, estado, ciudad, colonia, cp, calle, numero) values ('wgillies16@vistaprint.com', 'Tennessee', 'Kingsport', 'TN', '37665', 'Parkway', '4645');
insert into direccionComprador (correo, estado, ciudad, colonia, cp, calle, numero) values ('bquinsee17@disqus.com', 'Nevada', 'Reno', 'NV', '89595', 'Center', '18');
insert into direccionComprador (correo, estado, ciudad, colonia, cp, calle, numero) values ('glidgley18@dyndns.org', 'Washington', 'Tacoma', 'WA', '98411', 'Terrace', '1224');
insert into direccionComprador (correo, estado, ciudad, colonia, cp, calle, numero) values ('ebraund19@mysql.com', 'Arizona', 'Tucson', 'AZ', '85737', 'Road', '89900');
insert into direccionComprador (correo, estado, ciudad, colonia, cp, calle, numero) values ('kchuter1a@amazonaws.com', 'Alaska', 'Anchorage', 'AK', '99507', 'Drive', '90778');
insert into direccionComprador (correo, estado, ciudad, colonia, cp, calle, numero) values ('rbarnbrook1b@businessweek.com', 'Oklahoma', 'Tulsa', 'OK', '74193', 'Center', '16');
insert into direccionComprador (correo, estado, ciudad, colonia, cp, calle, numero) values ('tkilmister1c@exblog.jp', 'California', 'Long Beach', 'CA', '90810', 'Junction', '544');
insert into direccionComprador (correo, estado, ciudad, colonia, cp, calle, numero) values ('lpeploe1d@nytimes.com', 'Michigan', 'Detroit', 'MI', '48295', 'Street', '9454');
insert into direccionComprador (correo, estado, ciudad, colonia, cp, calle, numero) values ('hplett1e@clickbank.net', 'South Carolina', 'Greenville', 'SC', '29605', 'Point', '1164');
insert into direccionComprador (correo, estado, ciudad, colonia, cp, calle, numero) values ('cverralls1f@techcrunch.com', 'California', 'Stockton', 'CA', '95219', 'Hill', '7');
insert into direccionComprador (correo, estado, ciudad, colonia, cp, calle, numero) values ('rtillyer1g@ow.ly', 'California', 'Bakersfield', 'CA', '93311', 'Trail', '77');
insert into direccionComprador (correo, estado, ciudad, colonia, cp, calle, numero) values ('bcholdcroft1h@nih.gov', 'Ohio', 'Cincinnati', 'OH', '45296', 'Pass', '16645');
insert into direccionComprador (correo, estado, ciudad, colonia, cp, calle, numero) values ('lplimmer1i@independent.co.uk', 'Virginia', 'Virginia Beach', 'VA', '23459', 'Way', '930');
insert into direccionComprador (correo, estado, ciudad, colonia, cp, calle, numero) values ('ldyche1j@dyndns.org', 'Virginia', 'Roanoke', 'VA', '24020', 'Terrace', '3');
insert into direccionComprador (correo, estado, ciudad, colonia, cp, calle, numero) values ('abeardon1k@wikipedia.org', 'Virginia', 'Norfolk', 'VA', '23520', 'Crossing', '8359');
insert into direccionComprador (correo, estado, ciudad, colonia, cp, calle, numero) values ('nroust1l@ucla.edu', 'Connecticut', 'New Haven', 'CT', '06505', 'Park', '774');
insert into direccionComprador (correo, estado, ciudad, colonia, cp, calle, numero) values ('eleyninye1m@disqus.com', 'New York', 'Albany', 'NY', '12222', 'Road', '4965');
insert into direccionComprador (correo, estado, ciudad, colonia, cp, calle, numero) values ('vhospital1n@prnewswire.com', 'Illinois', 'Chicago', 'IL', '60636', 'Road', '5');
insert into direccionComprador (correo, estado, ciudad, colonia, cp, calle, numero) values ('lphilbin1o@tripod.com', 'New York', 'Albany', 'NY', '12227', 'Park', '52');
insert into direccionComprador (correo, estado, ciudad, colonia, cp, calle, numero) values ('ahackforth1p@last.fm', 'Texas', 'Austin', 'TX', '78759', 'Court', '52063');
insert into direccionComprador (correo, estado, ciudad, colonia, cp, calle, numero) values ('ldunnico1q@foxnews.com', 'District of Columbia', 'Washington', 'DC', '20268', 'Parkway', '82744');
insert into direccionComprador (correo, estado, ciudad, colonia, cp, calle, numero) values ('sbossom1r@purevolume.com', 'Georgia', 'Atlanta', 'GA', '30328', 'Road', '4974');
insert into direccionComprador (correo, estado, ciudad, colonia, cp, calle, numero) values ('ldreinan1s@artisteer.com', 'Texas', 'Waco', 'TX', '76711', 'Place', '84686');
insert into direccionComprador (correo, estado, ciudad, colonia, cp, calle, numero) values ('dkieff1t@pen.io', 'Colorado', 'Denver', 'CO', '80241', 'Alley', '22');
insert into direccionComprador (correo, estado, ciudad, colonia, cp, calle, numero) values ('lsedgemond1u@abc.net.au', 'Virginia', 'Charlottesville', 'VA', '22903', 'Center', '3574');
insert into direccionComprador (correo, estado, ciudad, colonia, cp, calle, numero) values ('nbach1v@plala.or.jp', 'Michigan', 'Detroit', 'MI', '48267', 'Park', '71');
insert into direccionComprador (correo, estado, ciudad, colonia, cp, calle, numero) values ('zogilvie1w@ezinearticles.com', 'Florida', 'Orlando', 'FL', '32830', 'Way', '9534');
insert into direccionComprador (correo, estado, ciudad, colonia, cp, calle, numero) values ('tmatteini1x@oracle.com', 'Minnesota', 'Maple Plain', 'MN', '55572', 'Pass', '2089');
insert into direccionComprador (correo, estado, ciudad, colonia, cp, calle, numero) values ('rnerval1y@etsy.com', 'Florida', 'Tallahassee', 'FL', '32304', 'Point', '35311');
insert into direccionComprador (correo, estado, ciudad, colonia, cp, calle, numero) values ('mgreenshields1z@wikimedia.org', 'California', 'Richmond', 'CA', '94807', 'Crossing', '6576');
insert into direccionComprador (correo, estado, ciudad, colonia, cp, calle, numero) values ('kpickin20@mit.edu', 'Minnesota', 'Saint Paul', 'MN', '55103', 'Alley', '23');
insert into direccionComprador (correo, estado, ciudad, colonia, cp, calle, numero) values ('nbartak21@goodreads.com', 'Missouri', 'Springfield', 'MO', '65898', 'Drive', '8283');
insert into direccionComprador (correo, estado, ciudad, colonia, cp, calle, numero) values ('icarsberg22@pen.io', 'New York', 'Bronx', 'NY', '10464', 'Point', '25');
insert into direccionComprador (correo, estado, ciudad, colonia, cp, calle, numero) values ('cdiprose23@google.com.hk', 'Pennsylvania', 'Philadelphia', 'PA', '19136', 'Parkway', '70');
insert into direccionComprador (correo, estado, ciudad, colonia, cp, calle, numero) values ('abannerman24@ning.com', 'Arizona', 'Phoenix', 'AZ', '85040', 'Point', '39');
insert into direccionComprador (correo, estado, ciudad, colonia, cp, calle, numero) values ('ceastwell25@studiopress.com', 'Georgia', 'Marietta', 'GA', '30061', 'Lane', '0903');
insert into direccionComprador (correo, estado, ciudad, colonia, cp, calle, numero) values ('jbarnsley26@exblog.jp', 'New York', 'Buffalo', 'NY', '14220', 'Court', '4');
insert into direccionComprador (correo, estado, ciudad, colonia, cp, calle, numero) values ('iwellwood27@networksolutions.com', 'California', 'Bakersfield', 'CA', '93386', 'Pass', '2942');
insert into direccionComprador (correo, estado, ciudad, colonia, cp, calle, numero) values ('vshovlar28@berkeley.edu', 'New York', 'Jamaica', 'NY', '11480', 'Drive', '0');
insert into direccionComprador (correo, estado, ciudad, colonia, cp, calle, numero) values ('emclise29@photobucket.com', 'Washington', 'Olympia', 'WA', '98516', 'Street', '43415');
insert into direccionComprador (correo, estado, ciudad, colonia, cp, calle, numero) values ('edawber2a@wired.com', 'Idaho', 'Boise', 'ID', '83727', 'Park', '652');
insert into direccionComprador (correo, estado, ciudad, colonia, cp, calle, numero) values ('gwallwood2b@dmoz.org', 'Michigan', 'Saginaw', 'MI', '48609', 'Road', '90671');
insert into direccionComprador (correo, estado, ciudad, colonia, cp, calle, numero) values ('bburkinshaw2c@miitbeian.gov.cn', 'Michigan', 'Detroit', 'MI', '48224', 'Crossing', '4');
insert into direccionComprador (correo, estado, ciudad, colonia, cp, calle, numero) values ('tcodrington2d@cmu.edu', 'District of Columbia', 'Washington', 'DC', '56944', 'Lane', '52491');
insert into direccionComprador (correo, estado, ciudad, colonia, cp, calle, numero) values ('dcearley2e@nsw.gov.au', 'Florida', 'Vero Beach', 'FL', '32969', 'Street', '5664');
insert into direccionComprador (correo, estado, ciudad, colonia, cp, calle, numero) values ('sworcester2f@gmpg.org', 'Wyoming', 'Cheyenne', 'WY', '82007', 'Drive', '1');
insert into direccionComprador (correo, estado, ciudad, colonia, cp, calle, numero) values ('dfarnill2g@smh.com.au', 'Delaware', 'Wilmington', 'DE', '19886', 'Terrace', '4');
insert into direccionComprador (correo, estado, ciudad, colonia, cp, calle, numero) values ('kmadelin2h@timesonline.co.uk', 'California', 'San Francisco', 'CA', '94142', 'Center', '774');
insert into direccionComprador (correo, estado, ciudad, colonia, cp, calle, numero) values ('rhearsum2i@shop-pro.jp', 'Washington', 'Tacoma', 'WA', '98417', 'Pass', '73');
insert into direccionComprador (correo, estado, ciudad, colonia, cp, calle, numero) values ('skermeen2j@usgs.gov', 'Pennsylvania', 'Erie', 'PA', '16565', 'Parkway', '558');
insert into direccionComprador (correo, estado, ciudad, colonia, cp, calle, numero) values ('cbernlin2k@squarespace.com', 'Georgia', 'Atlanta', 'GA', '30343', 'Crossing', '5');
insert into direccionComprador (correo, estado, ciudad, colonia, cp, calle, numero) values ('rwardlow2l@clickbank.net', 'Delaware', 'Newark', 'DE', '19725', 'Pass', '7665');
insert into direccionComprador (correo, estado, ciudad, colonia, cp, calle, numero) values ('ablown2m@tripadvisor.com', 'Texas', 'El Paso', 'TX', '88530', 'Plaza', '0');
insert into direccionComprador (correo, estado, ciudad, colonia, cp, calle, numero) values ('awalbridge2n@sfgate.com', 'Pennsylvania', 'Scranton', 'PA', '18505', 'Junction', '83');
insert into direccionComprador (correo, estado, ciudad, colonia, cp, calle, numero) values ('jiscowitz2o@howstuffworks.com', 'Massachusetts', 'Brockton', 'MA', '02305', 'Plaza', '0221');
insert into direccionComprador (correo, estado, ciudad, colonia, cp, calle, numero) values ('dpalin2p@livejournal.com', 'California', 'North Hollywood', 'CA', '91616', 'Road', '2');
insert into direccionComprador (correo, estado, ciudad, colonia, cp, calle, numero) values ('kkaminski2q@goo.ne.jp', 'California', 'Whittier', 'CA', '90610', 'Drive', '98');
insert into direccionComprador (correo, estado, ciudad, colonia, cp, calle, numero) values ('mmcjerrow2r@jigsy.com', 'California', 'Santa Ana', 'CA', '92705', 'Junction', '638');
insert into tarjetaComprador (correo, dueno, fechaCad, cvv, numero) values ('jbillanie0@google.ru', 'Alis Wetherick', '2021-05-16 14:52:46', 685, '3564340288518840');
insert into tarjetaComprador (correo, dueno, fechaCad, cvv, numero) values ('dballaam1@economist.com', 'Lazarus Briton', '2021-05-25 02:14:24', 135, '337941940188310');
insert into tarjetaComprador (correo, dueno, fechaCad, cvv, numero) values ('dspadazzi2@wsj.com', 'Elisabet Bucklee', '2020-09-25 04:09:59', 922, '6761748199701301');
insert into tarjetaComprador (correo, dueno, fechaCad, cvv, numero) values ('mapplegate3@artisteer.com', 'Enoch Mose', '2021-08-03 20:24:42', 805, '3536598107089062');
insert into tarjetaComprador (correo, dueno, fechaCad, cvv, numero) values ('gcatford4@hp.com', 'George Cater', '2020-09-04 02:42:04', 940, '6763206310554356347');
insert into tarjetaComprador (correo, dueno, fechaCad, cvv, numero) values ('lmcmurraya5@sina.com.cn', 'Anatollo Djakovic', '2020-11-25 15:26:15', 647, '56022409040620584');
insert into tarjetaComprador (correo, dueno, fechaCad, cvv, numero) values ('aspurr6@mashable.com', 'Juieta Bannester', '2020-08-31 10:08:49', 879, '3573323134319042');
insert into tarjetaComprador (correo, dueno, fechaCad, cvv, numero) values ('rbalazs7@list-manage.com', 'Olive Govier', '2021-06-07 20:28:58', 601, '633110558108313190');
insert into tarjetaComprador (correo, dueno, fechaCad, cvv, numero) values ('jmarling8@bbb.org', 'Jandy Colliar', '2020-11-11 12:07:58', 630, '5100137107891622');
insert into tarjetaComprador (correo, dueno, fechaCad, cvv, numero) values ('jfevers9@webs.com', 'Ketti Snowman', '2020-11-12 08:59:57', 807, '3533729133236574');
insert into tarjetaComprador (correo, dueno, fechaCad, cvv, numero) values ('tgillana@marriott.com', 'Janine Mumbeson', '2021-07-03 13:32:57', 513, '3556853966872859');
insert into tarjetaComprador (correo, dueno, fechaCad, cvv, numero) values ('gczyzb@weebly.com', 'Galvin Brockest', '2021-07-20 22:24:49', 329, '3568071901862440');
insert into tarjetaComprador (correo, dueno, fechaCad, cvv, numero) values ('pjasperc@ow.ly', 'Yorker Belison', '2021-05-17 14:43:19', 188, '5326568297834915');
insert into tarjetaComprador (correo, dueno, fechaCad, cvv, numero) values ('fwillmettd@chron.com', 'Goddard Archbutt', '2020-10-06 21:05:02', 119, '3552277488736729');
insert into tarjetaComprador (correo, dueno, fechaCad, cvv, numero) values ('mswannee@flavors.me', 'Graeme Terbrug', '2020-10-20 03:50:10', 247, '4017952934529442');
insert into tarjetaComprador (correo, dueno, fechaCad, cvv, numero) values ('wdayerf@wikipedia.org', 'Roseann Bray', '2021-02-02 00:10:31', 349, '5602220775206845');
insert into tarjetaComprador (correo, dueno, fechaCad, cvv, numero) values ('hsimondg@linkedin.com', 'Esmaria Kalkofer', '2021-04-28 16:12:10', 311, '30057336913482');
insert into tarjetaComprador (correo, dueno, fechaCad, cvv, numero) values ('acrannh@booking.com', 'Sal Chooter', '2020-08-16 13:53:50', 850, '3581424964209905');
insert into tarjetaComprador (correo, dueno, fechaCad, cvv, numero) values ('kcatchersidei@wiley.com', 'Gillian Presswell', '2020-12-12 23:17:39', 686, '4405307760701724');
insert into tarjetaComprador (correo, dueno, fechaCad, cvv, numero) values ('ghaskellj@spiegel.de', 'Lona Rayner', '2021-06-05 11:32:27', 156, '3538263433513230');
insert into tarjetaComprador (correo, dueno, fechaCad, cvv, numero) values ('jspellmank@state.gov', 'Miriam Simyson', '2020-10-11 22:50:19', 940, '3547717395130191');
insert into tarjetaComprador (correo, dueno, fechaCad, cvv, numero) values ('gfeitosal@zdnet.com', 'Bonni Vicioso', '2021-06-08 04:31:28', 285, '4041599488315676');
insert into tarjetaComprador (correo, dueno, fechaCad, cvv, numero) values ('msillism@discuz.net', 'Leonore Faulkes', '2021-01-19 15:00:55', 882, '4905134344558878085');
insert into tarjetaComprador (correo, dueno, fechaCad, cvv, numero) values ('nbuntinen@usnews.com', 'Jewel Neller', '2021-05-14 00:14:15', 197, '3534078490127292');
insert into tarjetaComprador (correo, dueno, fechaCad, cvv, numero) values ('mbrownsmitho@storify.com', 'Nikoletta Halsted', '2021-01-29 16:40:44', 124, '3534930343609654');
insert into tarjetaComprador (correo, dueno, fechaCad, cvv, numero) values ('lusmarp@senate.gov', 'Brucie Derle', '2020-09-26 04:44:47', 863, '3564180458160910');
insert into tarjetaComprador (correo, dueno, fechaCad, cvv, numero) values ('atomlinsonq@ca.gov', 'Hobart Syrett', '2021-07-21 18:23:23', 374, '4175002062532137');
insert into tarjetaComprador (correo, dueno, fechaCad, cvv, numero) values ('crobottomr@marriott.com', 'Chelsy Fetherstonhaugh', '2020-12-31 05:07:42', 352, '3547251749877703');
insert into tarjetaComprador (correo, dueno, fechaCad, cvv, numero) values ('lwildbores@paginegialle.it', 'Cary Tock', '2021-04-14 12:17:22', 339, '63041206323325698');
insert into tarjetaComprador (correo, dueno, fechaCad, cvv, numero) values ('mornelest@unblog.fr', 'Dayle Allabarton', '2020-11-10 06:50:49', 288, '3546155067041100');
insert into tarjetaComprador (correo, dueno, fechaCad, cvv, numero) values ('kfancuttu@skype.com', 'Vonnie Alu', '2021-05-26 01:46:11', 231, '4041593579980');
insert into tarjetaComprador (correo, dueno, fechaCad, cvv, numero) values ('ahaggerwoodv@earthlink.net', 'Amaleta Flisher', '2020-12-08 02:01:12', 101, '3560236023019207');
insert into tarjetaComprador (correo, dueno, fechaCad, cvv, numero) values ('iparsonsw@amazon.co.jp', 'Leeanne McKoy', '2021-03-17 09:20:58', 463, '3553898023542717');
insert into tarjetaComprador (correo, dueno, fechaCad, cvv, numero) values ('lleguinx@mediafire.com', 'Sharona Cheesworth', '2020-09-21 14:07:51', 293, '3563678411958388');
insert into tarjetaComprador (correo, dueno, fechaCad, cvv, numero) values ('ageffeny@blog.com', 'Van Aldrick', '2020-10-04 03:29:38', 497, '3530813309037587');
insert into tarjetaComprador (correo, dueno, fechaCad, cvv, numero) values ('glaudhamz@admin.ch', 'Hugo Wallace', '2021-01-01 01:05:11', 509, '4175009024103493');
insert into tarjetaComprador (correo, dueno, fechaCad, cvv, numero) values ('adillingston10@ebay.com', 'Jemmie Calcutt', '2020-11-09 13:18:24', 309, '3585503956210314');
insert into tarjetaComprador (correo, dueno, fechaCad, cvv, numero) values ('bgaymer11@cnet.com', 'Derrik Orwin', '2020-10-01 17:35:50', 761, '560224553793605883');
insert into tarjetaComprador (correo, dueno, fechaCad, cvv, numero) values ('dcearley12@barnesandnoble.com', 'Isador Tissington', '2020-09-15 09:55:30', 369, '6334965322080043');
insert into tarjetaComprador (correo, dueno, fechaCad, cvv, numero) values ('porta13@fda.gov', 'Sigfried Gossage', '2020-08-14 03:04:53', 715, '3550114769994374');
insert into tarjetaComprador (correo, dueno, fechaCad, cvv, numero) values ('ccharlon14@boston.com', 'Ealasaid Smylie', '2020-12-20 03:37:00', 607, '560223454444852852');
insert into tarjetaComprador (correo, dueno, fechaCad, cvv, numero) values ('ebrithman15@wsj.com', 'Giorgia Quilleash', '2020-09-04 21:55:58', 430, '4026641665907724');
insert into tarjetaComprador (correo, dueno, fechaCad, cvv, numero) values ('wgillies16@vistaprint.com', 'Timmy Spoor', '2021-07-09 00:28:58', 155, '3588010010224783');
insert into tarjetaComprador (correo, dueno, fechaCad, cvv, numero) values ('bquinsee17@disqus.com', 'Elvera Wilshere', '2021-06-14 10:09:14', 308, '3570606709160343');
insert into tarjetaComprador (correo, dueno, fechaCad, cvv, numero) values ('glidgley18@dyndns.org', 'Jaquelin Finney', '2020-11-26 22:24:06', 397, '5602218492143085');
insert into tarjetaComprador (correo, dueno, fechaCad, cvv, numero) values ('ebraund19@mysql.com', 'Claire O''Lagen', '2020-12-14 17:23:48', 808, '374283736039272');
insert into tarjetaComprador (correo, dueno, fechaCad, cvv, numero) values ('kchuter1a@amazonaws.com', 'Shaun Ketteringham', '2021-02-12 14:46:36', 502, '6331105040673190');
insert into tarjetaComprador (correo, dueno, fechaCad, cvv, numero) values ('rbarnbrook1b@businessweek.com', 'Cherin Vlahos', '2020-10-18 12:36:32', 700, '3554649384091193');
insert into tarjetaComprador (correo, dueno, fechaCad, cvv, numero) values ('tkilmister1c@exblog.jp', 'Eulalie Crossgrove', '2021-01-01 00:02:51', 296, '3540725483350784');
insert into tarjetaComprador (correo, dueno, fechaCad, cvv, numero) values ('lpeploe1d@nytimes.com', 'Alidia Drews', '2021-07-31 13:55:32', 344, '3583201096238889');
insert into tarjetaComprador (correo, dueno, fechaCad, cvv, numero) values ('hplett1e@clickbank.net', 'Winston Merrigans', '2021-05-09 08:41:42', 571, '5010127058998137');
insert into tarjetaComprador (correo, dueno, fechaCad, cvv, numero) values ('cverralls1f@techcrunch.com', 'Pia Coskerry', '2020-08-23 21:19:58', 640, '5543682150362000');
insert into tarjetaComprador (correo, dueno, fechaCad, cvv, numero) values ('rtillyer1g@ow.ly', 'Leanora Walles', '2020-11-02 11:43:36', 923, '6377339352338481');
insert into tarjetaComprador (correo, dueno, fechaCad, cvv, numero) values ('bcholdcroft1h@nih.gov', 'Raymond Klemz', '2021-02-02 23:54:30', 647, '56022584287771207');
insert into tarjetaComprador (correo, dueno, fechaCad, cvv, numero) values ('lplimmer1i@independent.co.uk', 'Barbara Al Hirsi', '2021-03-18 21:08:47', 540, '3553400049808386');
insert into tarjetaComprador (correo, dueno, fechaCad, cvv, numero) values ('ldyche1j@dyndns.org', 'Kassandra Lashford', '2021-07-01 06:11:36', 902, '5893998178831383501');
insert into tarjetaComprador (correo, dueno, fechaCad, cvv, numero) values ('abeardon1k@wikipedia.org', 'Justinn Laetham', '2021-01-30 05:33:06', 629, '6386393737012823');
insert into tarjetaComprador (correo, dueno, fechaCad, cvv, numero) values ('nroust1l@ucla.edu', 'Sandie Brydell', '2021-06-30 06:07:55', 231, '36767737733362');
insert into tarjetaComprador (correo, dueno, fechaCad, cvv, numero) values ('eleyninye1m@disqus.com', 'Way Trusty', '2020-08-14 20:20:43', 620, '3575188418247856');
insert into tarjetaComprador (correo, dueno, fechaCad, cvv, numero) values ('vhospital1n@prnewswire.com', 'Madelyn Roskell', '2021-03-31 17:05:18', 684, '3545692575201322');
insert into tarjetaComprador (correo, dueno, fechaCad, cvv, numero) values ('lphilbin1o@tripod.com', 'Nelly Pentecost', '2021-06-22 08:53:49', 810, '3565062229070983');
insert into tarjetaComprador (correo, dueno, fechaCad, cvv, numero) values ('ahackforth1p@last.fm', 'Jordana Gaiter', '2020-08-31 14:52:25', 216, '3574033588908716');
insert into tarjetaComprador (correo, dueno, fechaCad, cvv, numero) values ('ldunnico1q@foxnews.com', 'Franz Growcott', '2021-04-21 06:32:11', 745, '3566714149322592');
insert into tarjetaComprador (correo, dueno, fechaCad, cvv, numero) values ('sbossom1r@purevolume.com', 'Brewster Avent', '2021-04-17 11:32:25', 893, '3563213206642235');
insert into tarjetaComprador (correo, dueno, fechaCad, cvv, numero) values ('ldreinan1s@artisteer.com', 'Elspeth Vargas', '2020-08-15 16:33:04', 322, '3589135502095315');
insert into tarjetaComprador (correo, dueno, fechaCad, cvv, numero) values ('dkieff1t@pen.io', 'Nataniel Mainwaring', '2021-06-12 12:18:39', 484, '3575698961947256');
insert into tarjetaComprador (correo, dueno, fechaCad, cvv, numero) values ('lsedgemond1u@abc.net.au', 'Feodora Khotler', '2021-01-23 11:39:29', 190, '5519735402969970');
insert into tarjetaComprador (correo, dueno, fechaCad, cvv, numero) values ('nbach1v@plala.or.jp', 'Rob Brittles', '2020-12-17 05:41:17', 842, '3544511525959527');
insert into tarjetaComprador (correo, dueno, fechaCad, cvv, numero) values ('zogilvie1w@ezinearticles.com', 'Gretel Shore', '2021-07-27 23:54:40', 846, '337941974704727');
insert into tarjetaComprador (correo, dueno, fechaCad, cvv, numero) values ('tmatteini1x@oracle.com', 'Rozina Steynor', '2021-04-10 08:49:29', 191, '3530144420437963');
insert into tarjetaComprador (correo, dueno, fechaCad, cvv, numero) values ('rnerval1y@etsy.com', 'Sonny Jorger', '2021-05-02 21:45:19', 798, '5048376008797547');
insert into tarjetaComprador (correo, dueno, fechaCad, cvv, numero) values ('mgreenshields1z@wikimedia.org', 'Sutherlan Ropars', '2021-03-12 11:54:54', 237, '3580132336341832');
insert into tarjetaComprador (correo, dueno, fechaCad, cvv, numero) values ('kpickin20@mit.edu', 'Wilie Shay', '2021-07-28 04:01:03', 769, '5602234905262743');
insert into tarjetaComprador (correo, dueno, fechaCad, cvv, numero) values ('nbartak21@goodreads.com', 'Kaleb Brockington', '2021-03-08 12:06:51', 570, '337941952225547');
insert into tarjetaComprador (correo, dueno, fechaCad, cvv, numero) values ('icarsberg22@pen.io', 'Nettie Mowday', '2020-10-31 12:01:11', 755, '3532294237786835');
insert into tarjetaComprador (correo, dueno, fechaCad, cvv, numero) values ('cdiprose23@google.com.hk', 'Renado Oliphard', '2021-04-17 19:08:17', 891, '3561149952950517');
insert into tarjetaComprador (correo, dueno, fechaCad, cvv, numero) values ('abannerman24@ning.com', 'Rawley Marjanovic', '2021-04-08 14:03:51', 374, '201947710350140');
insert into tarjetaComprador (correo, dueno, fechaCad, cvv, numero) values ('ceastwell25@studiopress.com', 'Abigail Rock', '2020-09-19 23:16:56', 602, '30104532409087');
insert into tarjetaComprador (correo, dueno, fechaCad, cvv, numero) values ('jbarnsley26@exblog.jp', 'Ofella Statersfield', '2020-08-08 08:21:37', 254, '4026325296589735');
insert into tarjetaComprador (correo, dueno, fechaCad, cvv, numero) values ('iwellwood27@networksolutions.com', 'Ricki Beckinsall', '2020-11-20 06:33:54', 226, '6334411394029527');
insert into tarjetaComprador (correo, dueno, fechaCad, cvv, numero) values ('vshovlar28@berkeley.edu', 'Leonhard Olivella', '2020-08-13 04:14:52', 325, '3564809306078474');
insert into tarjetaComprador (correo, dueno, fechaCad, cvv, numero) values ('emclise29@photobucket.com', 'Deloris Postins', '2021-03-04 08:11:18', 244, '4905426788257868');
insert into tarjetaComprador (correo, dueno, fechaCad, cvv, numero) values ('edawber2a@wired.com', 'Dewain Fist', '2020-10-05 17:40:31', 221, '3531922030511619');
insert into tarjetaComprador (correo, dueno, fechaCad, cvv, numero) values ('gwallwood2b@dmoz.org', 'Kilian Coultar', '2021-01-06 14:18:20', 199, '3536759507385092');
insert into tarjetaComprador (correo, dueno, fechaCad, cvv, numero) values ('bburkinshaw2c@miitbeian.gov.cn', 'Isis Giroldi', '2020-11-30 16:14:52', 162, '3583060644859301');
insert into tarjetaComprador (correo, dueno, fechaCad, cvv, numero) values ('tcodrington2d@cmu.edu', 'Harbert Boddis', '2021-07-29 23:22:46', 715, '3564794375726858');
insert into tarjetaComprador (correo, dueno, fechaCad, cvv, numero) values ('dcearley2e@nsw.gov.au', 'Kevyn Cappineer', '2020-09-13 17:26:06', 623, '5572994137580917');
insert into tarjetaComprador (correo, dueno, fechaCad, cvv, numero) values ('sworcester2f@gmpg.org', 'Morie Carbert', '2021-03-16 15:40:13', 528, '3566886709839973');
insert into tarjetaComprador (correo, dueno, fechaCad, cvv, numero) values ('dfarnill2g@smh.com.au', 'Burk Perry', '2020-12-19 05:13:15', 231, '50389174343320270');
insert into tarjetaComprador (correo, dueno, fechaCad, cvv, numero) values ('kmadelin2h@timesonline.co.uk', 'Trey Disbury', '2021-02-22 14:55:30', 502, '3544900387826181');
insert into tarjetaComprador (correo, dueno, fechaCad, cvv, numero) values ('rhearsum2i@shop-pro.jp', 'Doreen Shillum', '2021-03-17 12:27:00', 204, '3564929552683643');
insert into tarjetaComprador (correo, dueno, fechaCad, cvv, numero) values ('skermeen2j@usgs.gov', 'Johna Emer', '2021-07-31 23:55:46', 753, '5406425407328408');
insert into tarjetaComprador (correo, dueno, fechaCad, cvv, numero) values ('cbernlin2k@squarespace.com', 'Shirline Bartel', '2021-04-16 05:36:46', 697, '5610908957368488');
insert into tarjetaComprador (correo, dueno, fechaCad, cvv, numero) values ('rwardlow2l@clickbank.net', 'Lu Accombe', '2021-05-09 06:37:44', 146, '375532114646309');
insert into tarjetaComprador (correo, dueno, fechaCad, cvv, numero) values ('ablown2m@tripadvisor.com', 'Florry Thams', '2020-11-05 20:22:37', 120, '633447324168560178');
insert into tarjetaComprador (correo, dueno, fechaCad, cvv, numero) values ('awalbridge2n@sfgate.com', 'Moina Griston', '2021-01-09 02:19:29', 348, '3533538540482949');
insert into tarjetaComprador (correo, dueno, fechaCad, cvv, numero) values ('jiscowitz2o@howstuffworks.com', 'Pierre Gypps', '2020-11-15 07:13:24', 925, '5108759476211975');
insert into tarjetaComprador (correo, dueno, fechaCad, cvv, numero) values ('dpalin2p@livejournal.com', 'Lauretta Duckinfield', '2020-09-25 21:53:00', 745, '201969170268125');
insert into tarjetaComprador (correo, dueno, fechaCad, cvv, numero) values ('kkaminski2q@goo.ne.jp', 'Caron Pagitt', '2020-09-07 19:48:15', 765, '4388970817073');
insert into tarjetaComprador (correo, dueno, fechaCad, cvv, numero) values ('mmcjerrow2r@jigsy.com', 'Maia Maun', '2021-02-27 15:07:34', 979, '3552473379789543');
insert into carrito (idCarrito) values (1);
insert into carrito (idCarrito) values (2);
insert into carrito (idCarrito) values (3);
insert into carrito (idCarrito) values (4);
insert into carrito (idCarrito) values (5);
insert into carrito (idCarrito) values (6);
insert into carrito (idCarrito) values (7);
insert into carrito (idCarrito) values (8);
insert into carrito (idCarrito) values (9);
insert into carrito (idCarrito) values (10);
insert into carrito (idCarrito) values (11);
insert into carrito (idCarrito) values (12);
insert into carrito (idCarrito) values (13);
insert into carrito (idCarrito) values (14);
insert into carrito (idCarrito) values (15);
insert into carrito (idCarrito) values (16);
insert into carrito (idCarrito) values (17);
insert into carrito (idCarrito) values (18);
insert into carrito (idCarrito) values (19);
insert into carrito (idCarrito) values (20);
insert into carrito (idCarrito) values (21);
insert into carrito (idCarrito) values (22);
insert into carrito (idCarrito) values (23);
insert into carrito (idCarrito) values (24);
insert into carrito (idCarrito) values (25);
insert into carrito (idCarrito) values (26);
insert into carrito (idCarrito) values (27);
insert into carrito (idCarrito) values (28);
insert into carrito (idCarrito) values (29);
insert into carrito (idCarrito) values (30);
insert into carrito (idCarrito) values (31);
insert into carrito (idCarrito) values (32);
insert into carrito (idCarrito) values (33);
insert into carrito (idCarrito) values (34);
insert into carrito (idCarrito) values (35);
insert into carrito (idCarrito) values (36);
insert into carrito (idCarrito) values (37);
insert into carrito (idCarrito) values (38);
insert into carrito (idCarrito) values (39);
insert into carrito (idCarrito) values (40);
insert into carrito (idCarrito) values (41);
insert into carrito (idCarrito) values (42);
insert into carrito (idCarrito) values (43);
insert into carrito (idCarrito) values (44);
insert into carrito (idCarrito) values (45);
insert into carrito (idCarrito) values (46);
insert into carrito (idCarrito) values (47);
insert into carrito (idCarrito) values (48);
insert into carrito (idCarrito) values (49);
insert into carrito (idCarrito) values (50);
insert into carrito (idCarrito) values (51);
insert into carrito (idCarrito) values (52);
insert into carrito (idCarrito) values (53);
insert into carrito (idCarrito) values (54);
insert into carrito (idCarrito) values (55);
insert into carrito (idCarrito) values (56);
insert into carrito (idCarrito) values (57);
insert into carrito (idCarrito) values (58);
insert into carrito (idCarrito) values (59);
insert into carrito (idCarrito) values (60);
insert into carrito (idCarrito) values (61);
insert into carrito (idCarrito) values (62);
insert into carrito (idCarrito) values (63);
insert into carrito (idCarrito) values (64);
insert into carrito (idCarrito) values (65);
insert into carrito (idCarrito) values (66);
insert into carrito (idCarrito) values (67);
insert into carrito (idCarrito) values (68);
insert into carrito (idCarrito) values (69);
insert into carrito (idCarrito) values (70);
insert into carrito (idCarrito) values (71);
insert into carrito (idCarrito) values (72);
insert into carrito (idCarrito) values (73);
insert into carrito (idCarrito) values (74);
insert into carrito (idCarrito) values (75);
insert into carrito (idCarrito) values (76);
insert into carrito (idCarrito) values (77);
insert into carrito (idCarrito) values (78);
insert into carrito (idCarrito) values (79);
insert into carrito (idCarrito) values (80);
insert into carrito (idCarrito) values (81);
insert into carrito (idCarrito) values (82);
insert into carrito (idCarrito) values (83);
insert into carrito (idCarrito) values (84);
insert into carrito (idCarrito) values (85);
insert into carrito (idCarrito) values (86);
insert into carrito (idCarrito) values (87);
insert into carrito (idCarrito) values (88);
insert into carrito (idCarrito) values (89);
insert into carrito (idCarrito) values (90);
insert into carrito (idCarrito) values (91);
insert into carrito (idCarrito) values (92);
insert into carrito (idCarrito) values (93);
insert into carrito (idCarrito) values (94);
insert into carrito (idCarrito) values (95);
insert into carrito (idCarrito) values (96);
insert into carrito (idCarrito) values (97);
insert into carrito (idCarrito) values (98);
insert into carrito (idCarrito) values (99);
insert into carrito (idCarrito) values (100);
insert into pertenecer (idCarrito, correo) values (1, 'jbillanie0@google.ru');
insert into pertenecer (idCarrito, correo) values (2, 'dballaam1@economist.com');
insert into pertenecer (idCarrito, correo) values (3, 'dspadazzi2@wsj.com');
insert into pertenecer (idCarrito, correo) values (4, 'mapplegate3@artisteer.com');
insert into pertenecer (idCarrito, correo) values (5, 'gcatford4@hp.com');
insert into pertenecer (idCarrito, correo) values (6, 'lmcmurraya5@sina.com.cn');
insert into pertenecer (idCarrito, correo) values (7, 'aspurr6@mashable.com');
insert into pertenecer (idCarrito, correo) values (8, 'rbalazs7@list-manage.com');
insert into pertenecer (idCarrito, correo) values (9, 'jmarling8@bbb.org');
insert into pertenecer (idCarrito, correo) values (10, 'jfevers9@webs.com');
insert into pertenecer (idCarrito, correo) values (11, 'tgillana@marriott.com');
insert into pertenecer (idCarrito, correo) values (12, 'gczyzb@weebly.com');
insert into pertenecer (idCarrito, correo) values (13, 'pjasperc@ow.ly');
insert into pertenecer (idCarrito, correo) values (14, 'fwillmettd@chron.com');
insert into pertenecer (idCarrito, correo) values (15, 'mswannee@flavors.me');
insert into pertenecer (idCarrito, correo) values (16, 'wdayerf@wikipedia.org');
insert into pertenecer (idCarrito, correo) values (17, 'hsimondg@linkedin.com');
insert into pertenecer (idCarrito, correo) values (18, 'acrannh@booking.com');
insert into pertenecer (idCarrito, correo) values (19, 'kcatchersidei@wiley.com');
insert into pertenecer (idCarrito, correo) values (20, 'ghaskellj@spiegel.de');
insert into pertenecer (idCarrito, correo) values (21, 'jspellmank@state.gov');
insert into pertenecer (idCarrito, correo) values (22, 'gfeitosal@zdnet.com');
insert into pertenecer (idCarrito, correo) values (23, 'msillism@discuz.net');
insert into pertenecer (idCarrito, correo) values (24, 'nbuntinen@usnews.com');
insert into pertenecer (idCarrito, correo) values (25, 'mbrownsmitho@storify.com');
insert into pertenecer (idCarrito, correo) values (26, 'lusmarp@senate.gov');
insert into pertenecer (idCarrito, correo) values (27, 'atomlinsonq@ca.gov');
insert into pertenecer (idCarrito, correo) values (28, 'crobottomr@marriott.com');
insert into pertenecer (idCarrito, correo) values (29, 'lwildbores@paginegialle.it');
insert into pertenecer (idCarrito, correo) values (30, 'mornelest@unblog.fr');
insert into pertenecer (idCarrito, correo) values (31, 'kfancuttu@skype.com');
insert into pertenecer (idCarrito, correo) values (32, 'ahaggerwoodv@earthlink.net');
insert into pertenecer (idCarrito, correo) values (33, 'iparsonsw@amazon.co.jp');
insert into pertenecer (idCarrito, correo) values (34, 'lleguinx@mediafire.com');
insert into pertenecer (idCarrito, correo) values (35, 'ageffeny@blog.com');
insert into pertenecer (idCarrito, correo) values (36, 'glaudhamz@admin.ch');
insert into pertenecer (idCarrito, correo) values (37, 'adillingston10@ebay.com');
insert into pertenecer (idCarrito, correo) values (38, 'bgaymer11@cnet.com');
insert into pertenecer (idCarrito, correo) values (39, 'dcearley12@barnesandnoble.com');
insert into pertenecer (idCarrito, correo) values (40, 'porta13@fda.gov');
insert into pertenecer (idCarrito, correo) values (41, 'ccharlon14@boston.com');
insert into pertenecer (idCarrito, correo) values (42, 'ebrithman15@wsj.com');
insert into pertenecer (idCarrito, correo) values (43, 'wgillies16@vistaprint.com');
insert into pertenecer (idCarrito, correo) values (44, 'bquinsee17@disqus.com');
insert into pertenecer (idCarrito, correo) values (45, 'glidgley18@dyndns.org');
insert into pertenecer (idCarrito, correo) values (46, 'ebraund19@mysql.com');
insert into pertenecer (idCarrito, correo) values (47, 'kchuter1a@amazonaws.com');
insert into pertenecer (idCarrito, correo) values (48, 'rbarnbrook1b@businessweek.com');
insert into pertenecer (idCarrito, correo) values (49, 'tkilmister1c@exblog.jp');
insert into pertenecer (idCarrito, correo) values (50, 'lpeploe1d@nytimes.com');
insert into pertenecer (idCarrito, correo) values (51, 'hplett1e@clickbank.net');
insert into pertenecer (idCarrito, correo) values (52, 'cverralls1f@techcrunch.com');
insert into pertenecer (idCarrito, correo) values (53, 'rtillyer1g@ow.ly');
insert into pertenecer (idCarrito, correo) values (54, 'bcholdcroft1h@nih.gov');
insert into pertenecer (idCarrito, correo) values (55, 'lplimmer1i@independent.co.uk');
insert into pertenecer (idCarrito, correo) values (56, 'ldyche1j@dyndns.org');
insert into pertenecer (idCarrito, correo) values (57, 'abeardon1k@wikipedia.org');
insert into pertenecer (idCarrito, correo) values (58, 'nroust1l@ucla.edu');
insert into pertenecer (idCarrito, correo) values (59, 'eleyninye1m@disqus.com');
insert into pertenecer (idCarrito, correo) values (60, 'vhospital1n@prnewswire.com');
insert into pertenecer (idCarrito, correo) values (61, 'lphilbin1o@tripod.com');
insert into pertenecer (idCarrito, correo) values (62, 'ahackforth1p@last.fm');
insert into pertenecer (idCarrito, correo) values (63, 'ldunnico1q@foxnews.com');
insert into pertenecer (idCarrito, correo) values (64, 'sbossom1r@purevolume.com');
insert into pertenecer (idCarrito, correo) values (65, 'ldreinan1s@artisteer.com');
insert into pertenecer (idCarrito, correo) values (66, 'dkieff1t@pen.io');
insert into pertenecer (idCarrito, correo) values (67, 'lsedgemond1u@abc.net.au');
insert into pertenecer (idCarrito, correo) values (68, 'nbach1v@plala.or.jp');
insert into pertenecer (idCarrito, correo) values (69, 'zogilvie1w@ezinearticles.com');
insert into pertenecer (idCarrito, correo) values (70, 'tmatteini1x@oracle.com');
insert into pertenecer (idCarrito, correo) values (71, 'rnerval1y@etsy.com');
insert into pertenecer (idCarrito, correo) values (72, 'mgreenshields1z@wikimedia.org');
insert into pertenecer (idCarrito, correo) values (73, 'kpickin20@mit.edu');
insert into pertenecer (idCarrito, correo) values (74, 'nbartak21@goodreads.com');
insert into pertenecer (idCarrito, correo) values (75, 'icarsberg22@pen.io');
insert into pertenecer (idCarrito, correo) values (76, 'cdiprose23@google.com.hk');
insert into pertenecer (idCarrito, correo) values (77, 'abannerman24@ning.com');
insert into pertenecer (idCarrito, correo) values (78, 'ceastwell25@studiopress.com');
insert into pertenecer (idCarrito, correo) values (79, 'jbarnsley26@exblog.jp');
insert into pertenecer (idCarrito, correo) values (80, 'iwellwood27@networksolutions.com');
insert into pertenecer (idCarrito, correo) values (81, 'vshovlar28@berkeley.edu');
insert into pertenecer (idCarrito, correo) values (82, 'emclise29@photobucket.com');
insert into pertenecer (idCarrito, correo) values (83, 'edawber2a@wired.com');
insert into pertenecer (idCarrito, correo) values (84, 'gwallwood2b@dmoz.org');
insert into pertenecer (idCarrito, correo) values (85, 'bburkinshaw2c@miitbeian.gov.cn');
insert into pertenecer (idCarrito, correo) values (86, 'tcodrington2d@cmu.edu');
insert into pertenecer (idCarrito, correo) values (87, 'dcearley2e@nsw.gov.au');
insert into pertenecer (idCarrito, correo) values (88, 'sworcester2f@gmpg.org');
insert into pertenecer (idCarrito, correo) values (89, 'dfarnill2g@smh.com.au');
insert into pertenecer (idCarrito, correo) values (90, 'kmadelin2h@timesonline.co.uk');
insert into pertenecer (idCarrito, correo) values (91, 'rhearsum2i@shop-pro.jp');
insert into pertenecer (idCarrito, correo) values (92, 'skermeen2j@usgs.gov');
insert into pertenecer (idCarrito, correo) values (93, 'cbernlin2k@squarespace.com');
insert into pertenecer (idCarrito, correo) values (94, 'rwardlow2l@clickbank.net');
insert into pertenecer (idCarrito, correo) values (95, 'ablown2m@tripadvisor.com');
insert into pertenecer (idCarrito, correo) values (96, 'awalbridge2n@sfgate.com');
insert into pertenecer (idCarrito, correo) values (97, 'jiscowitz2o@howstuffworks.com');
insert into pertenecer (idCarrito, correo) values (98, 'dpalin2p@livejournal.com');
insert into pertenecer (idCarrito, correo) values (99, 'kkaminski2q@goo.ne.jp');
insert into pertenecer (idCarrito, correo) values (100, 'mmcjerrow2r@jigsy.com');
insert into contener (idProducto, idCarrito, cantidad) values (41, 1, 1);
insert into contener (idProducto, idCarrito, cantidad) values (71, 2, 1);
insert into contener (idProducto, idCarrito, cantidad) values (40, 3, 1);
insert into contener (idProducto, idCarrito, cantidad) values (75, 4, 1);
insert into contener (idProducto, idCarrito, cantidad) values (99, 5, 1);
insert into contener (idProducto, idCarrito, cantidad) values (54, 6, 1);
insert into contener (idProducto, idCarrito, cantidad) values (56, 7, 1);
insert into contener (idProducto, idCarrito, cantidad) values (34, 8, 1);
insert into contener (idProducto, idCarrito, cantidad) values (58, 9, 1);
insert into contener (idProducto, idCarrito, cantidad) values (17, 10, 1);
insert into contener (idProducto, idCarrito, cantidad) values (23, 11, 1);
insert into contener (idProducto, idCarrito, cantidad) values (35, 12, 1);
insert into contener (idProducto, idCarrito, cantidad) values (15, 13, 1);
insert into contener (idProducto, idCarrito, cantidad) values (4, 14, 1);
insert into contener (idProducto, idCarrito, cantidad) values (33, 15, 1);
insert into contener (idProducto, idCarrito, cantidad) values (48, 16, 1);
insert into contener (idProducto, idCarrito, cantidad) values (2, 17, 1);
insert into contener (idProducto, idCarrito, cantidad) values (78, 18, 1);
insert into contener (idProducto, idCarrito, cantidad) values (9, 19, 1);
insert into contener (idProducto, idCarrito, cantidad) values (61, 20, 1);
insert into contener (idProducto, idCarrito, cantidad) values (64, 21, 1);
insert into contener (idProducto, idCarrito, cantidad) values (99, 22, 1);
insert into contener (idProducto, idCarrito, cantidad) values (38, 23, 1);
insert into contener (idProducto, idCarrito, cantidad) values (97, 24, 1);
insert into contener (idProducto, idCarrito, cantidad) values (54, 25, 1);
insert into contener (idProducto, idCarrito, cantidad) values (57, 26, 1);
insert into contener (idProducto, idCarrito, cantidad) values (44, 27, 1);
insert into contener (idProducto, idCarrito, cantidad) values (34, 28, 1);
insert into contener (idProducto, idCarrito, cantidad) values (52, 29, 1);
insert into contener (idProducto, idCarrito, cantidad) values (26, 30, 1);
insert into contener (idProducto, idCarrito, cantidad) values (62, 31, 1);
insert into contener (idProducto, idCarrito, cantidad) values (82, 32, 1);
insert into contener (idProducto, idCarrito, cantidad) values (51, 33, 1);
insert into contener (idProducto, idCarrito, cantidad) values (40, 34, 1);
insert into contener (idProducto, idCarrito, cantidad) values (52, 35, 1);
insert into contener (idProducto, idCarrito, cantidad) values (47, 36, 1);
insert into contener (idProducto, idCarrito, cantidad) values (8, 37, 1);
insert into contener (idProducto, idCarrito, cantidad) values (25, 38, 1);
insert into contener (idProducto, idCarrito, cantidad) values (61, 39, 1);
insert into contener (idProducto, idCarrito, cantidad) values (19, 40, 1);
insert into contener (idProducto, idCarrito, cantidad) values (77, 41, 1);
insert into contener (idProducto, idCarrito, cantidad) values (99, 42, 1);
insert into contener (idProducto, idCarrito, cantidad) values (70, 43, 1);
insert into contener (idProducto, idCarrito, cantidad) values (39, 44, 1);
insert into contener (idProducto, idCarrito, cantidad) values (52, 45, 1);
insert into contener (idProducto, idCarrito, cantidad) values (30, 46, 1);
insert into contener (idProducto, idCarrito, cantidad) values (12, 47, 1);
insert into contener (idProducto, idCarrito, cantidad) values (57, 48, 1);
insert into contener (idProducto, idCarrito, cantidad) values (87, 49, 1);
insert into contener (idProducto, idCarrito, cantidad) values (26, 50, 1);
insert into contener (idProducto, idCarrito, cantidad) values (37, 51, 1);
insert into contener (idProducto, idCarrito, cantidad) values (54, 52, 1);
insert into contener (idProducto, idCarrito, cantidad) values (34, 53, 1);
insert into contener (idProducto, idCarrito, cantidad) values (61, 54, 1);
insert into contener (idProducto, idCarrito, cantidad) values (93, 55, 1);
insert into contener (idProducto, idCarrito, cantidad) values (73, 56, 1);
insert into contener (idProducto, idCarrito, cantidad) values (16, 57, 1);
insert into contener (idProducto, idCarrito, cantidad) values (2, 58, 1);
insert into contener (idProducto, idCarrito, cantidad) values (62, 59, 1);
insert into contener (idProducto, idCarrito, cantidad) values (92, 60, 1);
insert into contener (idProducto, idCarrito, cantidad) values (29, 61, 1);
insert into contener (idProducto, idCarrito, cantidad) values (30, 62, 1);
insert into contener (idProducto, idCarrito, cantidad) values (75, 63, 1);
insert into contener (idProducto, idCarrito, cantidad) values (3, 64, 1);
insert into contener (idProducto, idCarrito, cantidad) values (28, 65, 1);
insert into contener (idProducto, idCarrito, cantidad) values (89, 66, 1);
insert into contener (idProducto, idCarrito, cantidad) values (35, 67, 1);
insert into contener (idProducto, idCarrito, cantidad) values (28, 68, 1);
insert into contener (idProducto, idCarrito, cantidad) values (51, 69, 1);
insert into contener (idProducto, idCarrito, cantidad) values (60, 70, 1);
insert into contener (idProducto, idCarrito, cantidad) values (58, 71, 1);
insert into contener (idProducto, idCarrito, cantidad) values (42, 72, 1);
insert into contener (idProducto, idCarrito, cantidad) values (91, 73, 1);
insert into contener (idProducto, idCarrito, cantidad) values (93, 74, 1);
insert into contener (idProducto, idCarrito, cantidad) values (39, 75, 1);
insert into contener (idProducto, idCarrito, cantidad) values (46, 76, 1);
insert into contener (idProducto, idCarrito, cantidad) values (38, 77, 1);
insert into contener (idProducto, idCarrito, cantidad) values (22, 78, 1);
insert into contener (idProducto, idCarrito, cantidad) values (17, 79, 1);
insert into contener (idProducto, idCarrito, cantidad) values (3, 80, 1);
insert into contener (idProducto, idCarrito, cantidad) values (59, 81, 1);
insert into contener (idProducto, idCarrito, cantidad) values (8, 82, 1);
insert into contener (idProducto, idCarrito, cantidad) values (6, 83, 1);
insert into contener (idProducto, idCarrito, cantidad) values (72, 84, 1);
insert into contener (idProducto, idCarrito, cantidad) values (84, 85, 1);
insert into contener (idProducto, idCarrito, cantidad) values (93, 86, 1);
insert into contener (idProducto, idCarrito, cantidad) values (21, 87, 1);
insert into contener (idProducto, idCarrito, cantidad) values (61, 88, 1);
insert into contener (idProducto, idCarrito, cantidad) values (12, 89, 1);
insert into contener (idProducto, idCarrito, cantidad) values (13, 90, 1);
insert into contener (idProducto, idCarrito, cantidad) values (36, 91, 1);
insert into contener (idProducto, idCarrito, cantidad) values (72, 92, 1);
insert into contener (idProducto, idCarrito, cantidad) values (42, 93, 1);
insert into contener (idProducto, idCarrito, cantidad) values (25, 94, 1);
insert into contener (idProducto, idCarrito, cantidad) values (94, 95, 1);
insert into contener (idProducto, idCarrito, cantidad) values (82, 96, 1);
insert into contener (idProducto, idCarrito, cantidad) values (45, 97, 1);
insert into contener (idProducto, idCarrito, cantidad) values (48, 98, 1);
insert into contener (idProducto, idCarrito, cantidad) values (75, 99, 1);
insert into contener (idProducto, idCarrito, cantidad) values (88, 100, 1);
insert into contener (idProducto, idCarrito, cantidad) values (22, 1, 1);
insert into contener (idProducto, idCarrito, cantidad) values (25, 2, 1);
insert into contener (idProducto, idCarrito, cantidad) values (41, 3, 1);
insert into contener (idProducto, idCarrito, cantidad) values (89, 4, 1);
insert into contener (idProducto, idCarrito, cantidad) values (10, 5, 1);
insert into contener (idProducto, idCarrito, cantidad) values (95, 6, 1);
insert into contener (idProducto, idCarrito, cantidad) values (79, 8, 1);
insert into contener (idProducto, idCarrito, cantidad) values (80, 9, 1);
insert into contener (idProducto, idCarrito, cantidad) values (77, 10, 1);
insert into contener (idProducto, idCarrito, cantidad) values (78, 11, 1);
insert into contener (idProducto, idCarrito, cantidad) values (36, 12, 1);
insert into contener (idProducto, idCarrito, cantidad) values (99, 13, 1);
insert into contener (idProducto, idCarrito, cantidad) values (65, 14, 1);
insert into contener (idProducto, idCarrito, cantidad) values (14, 15, 1);
insert into contener (idProducto, idCarrito, cantidad) values (80, 16, 1);
insert into contener (idProducto, idCarrito, cantidad) values (71, 17, 1);
insert into contener (idProducto, idCarrito, cantidad) values (95, 18, 1);
insert into contener (idProducto, idCarrito, cantidad) values (69, 19, 1);
insert into contener (idProducto, idCarrito, cantidad) values (74, 20, 1);
insert into contener (idProducto, idCarrito, cantidad) values (43, 21, 1);
insert into contener (idProducto, idCarrito, cantidad) values (61, 22, 1);
insert into contener (idProducto, idCarrito, cantidad) values (72, 23, 1);
insert into contener (idProducto, idCarrito, cantidad) values (36, 24, 1);
insert into contener (idProducto, idCarrito, cantidad) values (63, 25, 1);
insert into contener (idProducto, idCarrito, cantidad) values (89, 26, 1);
insert into contener (idProducto, idCarrito, cantidad) values (77, 27, 1);
insert into contener (idProducto, idCarrito, cantidad) values (57, 28, 1);
insert into contener (idProducto, idCarrito, cantidad) values (28, 29, 1);
insert into contener (idProducto, idCarrito, cantidad) values (49, 30, 1);
insert into contener (idProducto, idCarrito, cantidad) values (27, 31, 1);
insert into contener (idProducto, idCarrito, cantidad) values (56, 32, 1);
insert into contener (idProducto, idCarrito, cantidad) values (24, 33, 1);
insert into contener (idProducto, idCarrito, cantidad) values (93, 34, 1);
insert into contener (idProducto, idCarrito, cantidad) values (56, 35, 1);
insert into contener (idProducto, idCarrito, cantidad) values (46, 36, 1);
insert into contener (idProducto, idCarrito, cantidad) values (27, 37, 1);
insert into contener (idProducto, idCarrito, cantidad) values (33, 38, 1);
insert into contener (idProducto, idCarrito, cantidad) values (43, 39, 1);
insert into contener (idProducto, idCarrito, cantidad) values (85, 40, 1);
insert into contener (idProducto, idCarrito, cantidad) values (40, 41, 1);
insert into contener (idProducto, idCarrito, cantidad) values (78, 42, 1);
insert into contener (idProducto, idCarrito, cantidad) values (60, 43, 1);
insert into contener (idProducto, idCarrito, cantidad) values (76, 44, 1);
insert into contener (idProducto, idCarrito, cantidad) values (63, 45, 1);
insert into contener (idProducto, idCarrito, cantidad) values (94, 46, 1);
insert into contener (idProducto, idCarrito, cantidad) values (82, 47, 1);
insert into contener (idProducto, idCarrito, cantidad) values (95, 48, 1);
insert into contener (idProducto, idCarrito, cantidad) values (42, 49, 1);
insert into contener (idProducto, idCarrito, cantidad) values (69, 50, 1);
insert into contener (idProducto, idCarrito, cantidad) values (62, 51, 1);
insert into contener (idProducto, idCarrito, cantidad) values (26, 52, 1);
insert into contener (idProducto, idCarrito, cantidad) values (76, 53, 1);
insert into contener (idProducto, idCarrito, cantidad) values (12, 54, 1);
insert into contener (idProducto, idCarrito, cantidad) values (3, 55, 1);
insert into contener (idProducto, idCarrito, cantidad) values (65, 56, 1);
insert into contener (idProducto, idCarrito, cantidad) values (89, 57, 1);
insert into contener (idProducto, idCarrito, cantidad) values (13, 58, 1);
insert into contener (idProducto, idCarrito, cantidad) values (61, 59, 1);
insert into contener (idProducto, idCarrito, cantidad) values (28, 60, 1);
insert into contener (idProducto, idCarrito, cantidad) values (11, 61, 1);
insert into contener (idProducto, idCarrito, cantidad) values (23, 62, 1);
insert into contener (idProducto, idCarrito, cantidad) values (3, 63, 1);
insert into contener (idProducto, idCarrito, cantidad) values (29, 64, 1);
insert into contener (idProducto, idCarrito, cantidad) values (92, 65, 1);
insert into contener (idProducto, idCarrito, cantidad) values (15, 66, 1);
insert into contener (idProducto, idCarrito, cantidad) values (4, 67, 1);
insert into contener (idProducto, idCarrito, cantidad) values (30, 68, 1);
insert into contener (idProducto, idCarrito, cantidad) values (15, 69, 1);
insert into contener (idProducto, idCarrito, cantidad) values (32, 70, 1);
insert into contener (idProducto, idCarrito, cantidad) values (75, 71, 1);
insert into contener (idProducto, idCarrito, cantidad) values (55, 72, 1);
insert into contener (idProducto, idCarrito, cantidad) values (9, 73, 1);
insert into contener (idProducto, idCarrito, cantidad) values (99, 74, 1);
insert into contener (idProducto, idCarrito, cantidad) values (73, 75, 1);
insert into contener (idProducto, idCarrito, cantidad) values (90, 76, 1);
insert into contener (idProducto, idCarrito, cantidad) values (27, 77, 1);
insert into contener (idProducto, idCarrito, cantidad) values (86, 78, 1);
insert into contener (idProducto, idCarrito, cantidad) values (6, 79, 1);
insert into contener (idProducto, idCarrito, cantidad) values (20, 80, 1);
insert into contener (idProducto, idCarrito, cantidad) values (80, 81, 1);
insert into contener (idProducto, idCarrito, cantidad) values (30, 82, 1);
insert into contener (idProducto, idCarrito, cantidad) values (10, 83, 1);
insert into contener (idProducto, idCarrito, cantidad) values (60, 84, 1);
insert into contener (idProducto, idCarrito, cantidad) values (15, 85, 1);
insert into contener (idProducto, idCarrito, cantidad) values (42, 86, 1);
insert into contener (idProducto, idCarrito, cantidad) values (52, 87, 1);
insert into contener (idProducto, idCarrito, cantidad) values (4, 88, 1);
insert into contener (idProducto, idCarrito, cantidad) values (49, 89, 1);
insert into contener (idProducto, idCarrito, cantidad) values (95, 90, 1);
insert into contener (idProducto, idCarrito, cantidad) values (34, 91, 1);
insert into contener (idProducto, idCarrito, cantidad) values (95, 92, 1);
insert into contener (idProducto, idCarrito, cantidad) values (8, 93, 1);
insert into contener (idProducto, idCarrito, cantidad) values (41, 94, 1);
insert into contener (idProducto, idCarrito, cantidad) values (85, 95, 1);
insert into contener (idProducto, idCarrito, cantidad) values (72, 96, 1);
insert into contener (idProducto, idCarrito, cantidad) values (63, 97, 1);
insert into contener (idProducto, idCarrito, cantidad) values (74, 98, 1);
insert into contener (idProducto, idCarrito, cantidad) values (72, 99, 1);
insert into contener (idProducto, idCarrito, cantidad) values (9, 100, 1);
insert into contener (idProducto, idCarrito, cantidad) values (51, 1, 1);
insert into contener (idProducto, idCarrito, cantidad) values (57, 2, 1);
insert into contener (idProducto, idCarrito, cantidad) values (48, 3, 1);
insert into contener (idProducto, idCarrito, cantidad) values (37, 4, 1);
insert into contener (idProducto, idCarrito, cantidad) values (65, 5, 1);
insert into contener (idProducto, idCarrito, cantidad) values (61, 6, 1);
insert into contener (idProducto, idCarrito, cantidad) values (76, 7, 1);
insert into contener (idProducto, idCarrito, cantidad) values (62, 8, 1);
insert into contener (idProducto, idCarrito, cantidad) values (67, 9, 1);
insert into contener (idProducto, idCarrito, cantidad) values (65, 10, 1);
insert into contener (idProducto, idCarrito, cantidad) values (22, 11, 1);
insert into contener (idProducto, idCarrito, cantidad) values (68, 12, 1);
insert into contener (idProducto, idCarrito, cantidad) values (74, 13, 1);
insert into contener (idProducto, idCarrito, cantidad) values (68, 14, 1);
insert into contener (idProducto, idCarrito, cantidad) values (59, 15, 1);
insert into contener (idProducto, idCarrito, cantidad) values (14, 16, 1);
insert into contener (idProducto, idCarrito, cantidad) values (3, 17, 1);
insert into contener (idProducto, idCarrito, cantidad) values (58, 18, 1);
insert into contener (idProducto, idCarrito, cantidad) values (93, 19, 1);
insert into contener (idProducto, idCarrito, cantidad) values (54, 20, 1);
insert into contener (idProducto, idCarrito, cantidad) values (91, 21, 1);
insert into contener (idProducto, idCarrito, cantidad) values (16, 22, 1);
insert into contener (idProducto, idCarrito, cantidad) values (33, 23, 1);
insert into contener (idProducto, idCarrito, cantidad) values (87, 25, 1);
insert into contener (idProducto, idCarrito, cantidad) values (35, 26, 1);
insert into contener (idProducto, idCarrito, cantidad) values (38, 27, 1);
insert into contener (idProducto, idCarrito, cantidad) values (55, 28, 1);
insert into contener (idProducto, idCarrito, cantidad) values (84, 29, 1);
insert into contener (idProducto, idCarrito, cantidad) values (14, 30, 1);
insert into contener (idProducto, idCarrito, cantidad) values (39, 31, 1);
insert into contener (idProducto, idCarrito, cantidad) values (59, 32, 1);
insert into contener (idProducto, idCarrito, cantidad) values (9, 33, 1);
insert into contener (idProducto, idCarrito, cantidad) values (34, 34, 1);
insert into contener (idProducto, idCarrito, cantidad) values (47, 35, 1);
insert into contener (idProducto, idCarrito, cantidad) values (79, 36, 1);
insert into contener (idProducto, idCarrito, cantidad) values (80, 37, 1);
insert into contener (idProducto, idCarrito, cantidad) values (43, 38, 1);
insert into contener (idProducto, idCarrito, cantidad) values (60, 39, 1);
insert into contener (idProducto, idCarrito, cantidad) values (28, 40, 1);
insert into contener (idProducto, idCarrito, cantidad) values (29, 41, 1);
insert into contener (idProducto, idCarrito, cantidad) values (63, 42, 1);
insert into contener (idProducto, idCarrito, cantidad) values (22, 43, 1);
insert into contener (idProducto, idCarrito, cantidad) values (33, 44, 1);
insert into contener (idProducto, idCarrito, cantidad) values (93, 45, 1);
insert into contener (idProducto, idCarrito, cantidad) values (66, 46, 1);
insert into contener (idProducto, idCarrito, cantidad) values (17, 47, 1);
insert into contener (idProducto, idCarrito, cantidad) values (29, 48, 1);
insert into contener (idProducto, idCarrito, cantidad) values (66, 49, 1);
insert into contener (idProducto, idCarrito, cantidad) values (78, 50, 1);
insert into contener (idProducto, idCarrito, cantidad) values (10, 51, 1);
insert into contener (idProducto, idCarrito, cantidad) values (29, 52, 1);
insert into contener (idProducto, idCarrito, cantidad) values (30, 53, 1);
insert into contener (idProducto, idCarrito, cantidad) values (23, 54, 1);
insert into contener (idProducto, idCarrito, cantidad) values (44, 56, 1);
insert into contener (idProducto, idCarrito, cantidad) values (40, 57, 1);
insert into contener (idProducto, idCarrito, cantidad) values (31, 58, 1);
insert into contener (idProducto, idCarrito, cantidad) values (85, 59, 1);
insert into contener (idProducto, idCarrito, cantidad) values (69, 60, 1);
insert into contener (idProducto, idCarrito, cantidad) values (79, 61, 1);
insert into contener (idProducto, idCarrito, cantidad) values (67, 62, 1);
insert into contener (idProducto, idCarrito, cantidad) values (90, 63, 1);
insert into contener (idProducto, idCarrito, cantidad) values (89, 64, 1);
insert into contener (idProducto, idCarrito, cantidad) values (70, 65, 1);
insert into contener (idProducto, idCarrito, cantidad) values (62, 66, 1);
insert into contener (idProducto, idCarrito, cantidad) values (50, 67, 1);
insert into contener (idProducto, idCarrito, cantidad) values (48, 68, 1);
insert into contener (idProducto, idCarrito, cantidad) values (22, 69, 1);
insert into contener (idProducto, idCarrito, cantidad) values (71, 70, 1);
insert into contener (idProducto, idCarrito, cantidad) values (63, 71, 1);
insert into contener (idProducto, idCarrito, cantidad) values (99, 72, 1);
insert into contener (idProducto, idCarrito, cantidad) values (69, 73, 1);
insert into contener (idProducto, idCarrito, cantidad) values (37, 74, 1);
insert into contener (idProducto, idCarrito, cantidad) values (38, 75, 1);
insert into contener (idProducto, idCarrito, cantidad) values (87, 76, 1);
insert into contener (idProducto, idCarrito, cantidad) values (83, 77, 1);
insert into contener (idProducto, idCarrito, cantidad) values (83, 78, 1);
insert into contener (idProducto, idCarrito, cantidad) values (3, 79, 1);
insert into contener (idProducto, idCarrito, cantidad) values (66, 80, 1);
insert into contener (idProducto, idCarrito, cantidad) values (85, 81, 1);
insert into contener (idProducto, idCarrito, cantidad) values (37, 82, 1);
insert into contener (idProducto, idCarrito, cantidad) values (70, 83, 1);
insert into contener (idProducto, idCarrito, cantidad) values (94, 84, 1);
insert into contener (idProducto, idCarrito, cantidad) values (60, 85, 1);
insert into contener (idProducto, idCarrito, cantidad) values (32, 86, 1);
insert into contener (idProducto, idCarrito, cantidad) values (35, 87, 1);
insert into contener (idProducto, idCarrito, cantidad) values (98, 88, 1);
insert into contener (idProducto, idCarrito, cantidad) values (71, 89, 1);
insert into contener (idProducto, idCarrito, cantidad) values (16, 90, 1);
insert into contener (idProducto, idCarrito, cantidad) values (39, 91, 1);
insert into contener (idProducto, idCarrito, cantidad) values (24, 92, 1);
insert into contener (idProducto, idCarrito, cantidad) values (82, 93, 1);
insert into contener (idProducto, idCarrito, cantidad) values (27, 94, 1);
insert into contener (idProducto, idCarrito, cantidad) values (20, 95, 1);
insert into contener (idProducto, idCarrito, cantidad) values (47, 96, 1);
insert into contener (idProducto, idCarrito, cantidad) values (71, 97, 1);
insert into contener (idProducto, idCarrito, cantidad) values (66, 98, 1);
insert into contener (idProducto, idCarrito, cantidad) values (2, 99, 1);
insert into contener (idProducto, idCarrito, cantidad) values (55, 100, 1);
insert into contener (idProducto, idCarrito, cantidad) values (88, 2, 1);
insert into contener (idProducto, idCarrito, cantidad) values (99, 3, 1);
insert into contener (idProducto, idCarrito, cantidad) values (43, 4, 1);
insert into contener (idProducto, idCarrito, cantidad) values (28, 5, 1);
insert into contener (idProducto, idCarrito, cantidad) values (50, 6, 1);
insert into contener (idProducto, idCarrito, cantidad) values (20, 7, 1);
insert into contener (idProducto, idCarrito, cantidad) values (70, 8, 1);
insert into contener (idProducto, idCarrito, cantidad) values (3, 9, 1);
insert into contener (idProducto, idCarrito, cantidad) values (58, 10, 1);
insert into contener (idProducto, idCarrito, cantidad) values (83, 11, 1);
insert into contener (idProducto, idCarrito, cantidad) values (57, 12, 1);
insert into contener (idProducto, idCarrito, cantidad) values (22, 13, 1);
insert into contener (idProducto, idCarrito, cantidad) values (92, 14, 1);
insert into contener (idProducto, idCarrito, cantidad) values (30, 15, 1);
insert into contener (idProducto, idCarrito, cantidad) values (70, 16, 1);
insert into contener (idProducto, idCarrito, cantidad) values (36, 17, 1);
insert into contener (idProducto, idCarrito, cantidad) values (10, 18, 1);
insert into contener (idProducto, idCarrito, cantidad) values (7, 19, 1);
insert into contener (idProducto, idCarrito, cantidad) values (90, 20, 1);
insert into contener (idProducto, idCarrito, cantidad) values (62, 21, 1);
insert into contener (idProducto, idCarrito, cantidad) values (96, 22, 1);
insert into contener (idProducto, idCarrito, cantidad) values (74, 23, 1);
insert into contener (idProducto, idCarrito, cantidad) values (45, 24, 1);
insert into contener (idProducto, idCarrito, cantidad) values (80, 25, 1);
insert into contener (idProducto, idCarrito, cantidad) values (92, 26, 1);
insert into contener (idProducto, idCarrito, cantidad) values (47, 27, 1);
insert into contener (idProducto, idCarrito, cantidad) values (14, 28, 1);
insert into contener (idProducto, idCarrito, cantidad) values (69, 29, 1);
insert into contener (idProducto, idCarrito, cantidad) values (42, 30, 1);
insert into contener (idProducto, idCarrito, cantidad) values (78, 31, 1);
insert into contener (idProducto, idCarrito, cantidad) values (58, 32, 1);
insert into contener (idProducto, idCarrito, cantidad) values (57, 33, 1);
insert into contener (idProducto, idCarrito, cantidad) values (15, 34, 1);
insert into contener (idProducto, idCarrito, cantidad) values (85, 35, 1);
insert into contener (idProducto, idCarrito, cantidad) values (64, 36, 1);
insert into contener (idProducto, idCarrito, cantidad) values (49, 37, 1);
insert into contener (idProducto, idCarrito, cantidad) values (2, 38, 1);
insert into contener (idProducto, idCarrito, cantidad) values (39, 39, 1);
insert into contener (idProducto, idCarrito, cantidad) values (93, 40, 1);
insert into contener (idProducto, idCarrito, cantidad) values (53, 41, 1);
insert into contener (idProducto, idCarrito, cantidad) values (31, 42, 1);
insert into contener (idProducto, idCarrito, cantidad) values (95, 43, 1);
insert into contener (idProducto, idCarrito, cantidad) values (79, 44, 1);